Est_P_Weighted,Est_P_Weighted.Slope,Est_P_Unweighted,Est_P_Unweighted.Slope,Est_P_KM,Est_P_Pseudo,Est_P_Pseudo.Slope,Est_U_Weighted,Est_U_Weighted.Slope,Est_U_Unweighted,Est_U_Unweighted.Slope,Est_U_KM,Est_U_Pseudo,Est_U_Pseudo.Slope,Est_O_Weighted,Est_O_Weighted.Slope,Est_O_Unweighted,Est_O_Unweighted.Slope,Est_O_KM,Est_O_Pseudo,Est_O_Pseudo.Slope,SE_P_Weighted,SE_P_Weighted.Slope,SE_P_Unweighted,SE_P_Unweighted.Slope,SE_P_KM,SE_P_Pseudo,SE_P_Pseudo.Slope,SE_U_Weighted,SE_U_Weighted.Slope,SE_U_Unweighted,SE_U_Unweighted.Slope,SE_U_KM,SE_U_Pseudo,SE_U_Pseudo.Slope,SE_O_Weighted,SE_O_Weighted.Slope,SE_O_Unweighted,SE_O_Unweighted.Slope,SE_O_KM,SE_O_Pseudo,SE_O_Pseudo.Slope
0.01081889113823324,1.0164014562150776,0.24426070470231317,1.0545794954686658,-0.005886500284734156,-0.6862495830530121,0.7531936582372629,-0.1891811088617674,1.0200151803253945,0.04426070470231321,1.0661654274119723,0.01370106366544735,-0.831758705243261,0.73793863176566,0.2108188911382342,1.0135865627305503,0.44426070470231205,1.0456397001774735,-0.023121484656137656,-0.5360665571144817,0.7690431255046012,0.03028719092944151,0.017609293861138405,0.0365831159883868,0.01919186716311152,0.00390480864925947,0.0247553015617642,0.014202400379419588,0.03028719092944153,0.01947741045659685,0.0365831159883868,0.021221373023884566,0.003949935243498635,0.024417315736238933,0.015396383944149177,0.0302871909294415,0.016010400483871548,0.03658311598838679,0.01748994407832876,0.0038652968093622012,0.02509269444364964,0.013179363572464261
0.019112421552701413,1.0206374528366369,0.2498985569405403,1.0569897109085058,-0.006426998942684517,-0.6833736023049375,0.7447916713099026,-0.18088757844729786,1.0252513866756503,0.04989855694053926,1.0692980986938747,0.013832475517819465,-0.827961735986849,0.7289619282699921,0.21911242155270103,1.0170453632970664,0.44989855694054115,1.0475212686424484,-0.02429776385242366,-0.5340424290025446,0.7612871206001345,0.02964567982705519,0.017708904397560565,0.03607288232364976,0.01932390134075994,0.004009626884166272,0.024189982445242054,0.014105640045115067,0.029645679827055196,0.01961985217169664,0.03607288232364976,0.02140433639098956,0.004055841259246891,0.02385524633800036,0.015300966734824697,0.029645679827055196,0.016073019122154638,0.03607288232364974,0.01758278901633397,0.003968845574414343,0.024524530815635843,0.01308319726172998
0.021164473514947484,1.0290345957656457,0.24822416762416105,1.062697667727018,-0.005667593646272923,-0.7018142215926098,0.7351969642067736,-0.1788355264850517,1.035613198464307,0.048224167624161096,1.076486451095952,0.015192523976523348,-0.8450647817625974,0.7191224913693294,0.22116447351494706,1.0239141946864734,0.44822416762415945,1.0521269490384473,-0.024108790107151154,-0.5537821736472827,0.7520672427683885,0.02922497293644623,0.01794115686025196,0.03576502249685719,0.019588988981330765,0.004087734097921843,0.02377127609531283,0.014104050218456295,0.02922497293644623,0.019914079213574215,0.03576502249685718,0.021743460952851883,0.004135049316173019,0.02343628650574025,0.015314055897467453,0.029224972936446224,0.016252575681121765,0.035765022496857195,0.017791180764122654,0.004045645522599368,0.024107034426239824,0.013072141468044354
0.019052315252501246,1.024617683379203,0.2555199641199078,1.065767767190046,-0.0062382487521677465,-0.7067365958345416,0.7222017405983835,-0.18094768474749892,1.0302149110252976,0.05551996411990872,1.0804627230579245,0.015239626693912045,-0.8487200272446608,0.705444125591134,0.21905231525250132,1.0202492116851445,0.45551996411990575,1.0545345202826577,-0.02526818341051955,-0.5599151148598596,0.7398427385264736,0.028817459110434533,0.01797723869292171,0.03534041843880937,0.019731674475960657,0.004185520552313611,0.023367997710680335,0.013977488957092957,0.02881745911043454,0.019953030865227882,0.03534041843880937,0.02193892242143753,0.0042335936287923055,0.02302938945776189,0.01518255579470336,0.02881745911043454,0.016279316299925944,0.03534041843880937,0.017893559986919938,0.004142444767177626,0.02370778562077851,0.012951882398068435
-0.001855740455416218,1.0152724276149894,0.2540215000366209,1.0680663879894208,-0.005126835691701553,-0.7344141534332344,0.7066214364200768,-0.2018557404554162,1.0187341219830455,0.054021500036620346,1.083490258431814,0.0169482929900078,-0.8745995338833376,0.6894849688422091,0.1981442595445825,1.01255483810151,0.4540215000366226,1.0563008513035028,-0.02473209794683756,-0.5893754721830211,0.7247877023974261,0.028596613464478168,0.018108289859299125,0.03509947095526122,0.019972963712080603,0.004262481688358155,0.023115986634878797,0.013929363337811225,0.028596613464478168,0.02007803875483184,0.03509947095526121,0.022240145728333507,0.004311814435070965,0.022769251125309385,0.015140376878472096,0.02859661346447817,0.016402949746195602,0.0350994709552612,0.01808728455599467,0.00421792882568156,0.02346500170320123,0.012900822868685439
-0.03408497169799537,1.0038779143375143,0.24350823154153273,1.068753734760988,-0.0031689346949039243,-0.7677003913006926,0.6907834515625755,-0.23408497169799516,1.004751015029342,0.043508231541532896,1.0845334154096697,0.019491267628490738,-0.9060112877212376,0.6733736792212537,0.16591502830200455,1.0031873580749313,0.4435082315415324,1.0567361250782497,-0.02333933488257818,-0.6245784851295081,0.7093628783711197,0.028447027553369975,0.01826669673557071,0.03492646561336558,0.02023723659049978,0.004326484040026579,0.022963457271047837,0.013947980853647611,0.02844702755336997,0.020224224728868912,0.034926465613365563,0.022562362441096478,0.00437693378325109,0.02260829428659557,0.015171772854267181,0.028447027553369992,0.016556752862786815,0.03492646561336558,0.018304363467327216,0.004280575904008376,0.023322037236402797,0.012910204756864826
-0.04028965124993456,0.9941390428273587,0.25122000775041464,1.071024819536429,-0.0035358239947529124,-0.7742512835882067,0.6769413789329652,-0.24028965124993387,0.9928298403872526,0.051220007750414784,1.0875281114160003,0.019694135928894407,-0.9113032776254028,0.6589463742779322,0.15971034875006507,0.995182295146491,0.45122000775041443,1.0584782632420233,-0.024259843412347964,-0.6323472263069038,0.6962054383637462,0.028114555663423343,0.018275440347288854,0.034600232044976316,0.02039317375684192,0.0044211908026817875,0.02261747783241143,0.013819042220699724,0.028114555663423343,0.02020582513524166,0.0346002320449763,0.0227665288912731,0.004472286527092978,0.0222587786084157,0.015039549634911796,0.02811455566342335,0.016574984547981782,0.0346002320449763,0.018422146961083418,0.0043743412899146395,0.022979981052076385,0.012787335952004538
-0.029793330159920084,0.9968201999142015,0.2592633191773186,1.0777764941968921,-0.0038358702970806013,-0.7739652899030672,0.6680425660271455,-0.2297933301599206,0.9961071617630579,0.05926331917731941,1.0961438830275114,0.019956041174376854,-0.9101241249426323,0.6498572739048596,0.17020666984008034,0.997390099939396,0.45926331917731916,1.0638551720854759,-0.025106851890399656,-0.6329112538578684,0.6876489552963122,0.027744177859314517,0.018380121498499793,0.034301291455384395,0.020641948770967863,0.004512340051257305,0.022174266175409775,0.013722643521667785,0.027744177859314517,0.02033247177028309,0.034301291455384395,0.023092870767690028,0.0045639800679298835,0.021817152227626035,0.014947304397894929,0.027744177859314517,0.016654848142271132,0.03430129145538439,0.018612179207336495,0.0044646647628839515,0.022535575537472374,0.012690517961327879
-0.025723960793415337,0.9984127434019907,0.26507145256658554,1.0829194830321685,-0.00367601877213386,-0.7880790969337096,0.6545612561839937,-0.2257239607934157,0.9980550435098589,0.06507145256658611,1.1027801750459714,0.02065334261502813,-0.9228491598023887,0.6361781405061132,0.17427603920658602,0.9986992810786975,0.465071452566584,1.0679029338269943,-0.025472304066100293,-0.6484027804123892,0.674517230974969,0.02748830190028576,0.01852614058404457,0.03406140161704447,0.020885741720857786,0.004594421023783409,0.021872443716110745,0.01363291028827741,0.02748830190028576,0.020505536332229166,0.03406140161704447,0.023407392273323887,0.004646597994252033,0.021510972737917116,0.014862250849697107,0.02748830190028576,0.01677231227866728,0.03406140161704447,0.018801625619192443,0.00454592497441086,0.022238879032100454,0.012599948944002213
-0.037506932299566566,0.9992596786726896,0.25853701709126675,1.086977717227756,-0.002474307840389378,-0.8082378436680773,0.6398369607209086,-0.2375069322995666,0.9990922159235106,0.058537017091266116,1.1081008828661352,0.022387050533744235,-0.9414778444335238,0.6213176349279771,0.16249306770043412,0.9993942547456945,0.4585370170912668,1.0710406782486663,-0.024791305237143457,-0.670092326942456,0.660121534181919,0.027301657490763975,0.018735030962049825,0.03387811994484173,0.02117483755300955,0.004660586557592407,0.021690009253860606,0.013602721018659369,0.027301657490763975,0.02074506144993433,0.03387811994484174,0.023771619081477187,0.004713148514933092,0.021322662666195754,0.014842035497146333,0.027301657490763978,0.016947582807044816,0.03387811994484173,0.019031937422106834,0.004611426088757974,0.02206320633655555,0.01256298097118739
-0.03969693638186753,1.0073518024349808,0.255455829118472,1.0874942873203932,-0.0013221250723718936,-0.8266967103281012,0.6260437388858344,-0.23969693638186798,1.0090352342172193,0.05545582911847129,1.1089491269206901,0.02407689902167434,-0.9585530689480006,0.6073462918172501,0.1603030636181322,1.0059979529649477,0.45545582911847077,1.0713170785542359,-0.024171243725708808,-0.6899356765327493,0.6466708040465642,0.0270585325771331,0.01903936829954301,0.03370449220974565,0.02140667385189885,0.00473256554932954,0.02148918424469695,0.013573506647535125,0.027058532577133098,0.021117008760218155,0.03370449220974565,0.024055214415763415,0.00478567396359503,0.021118226231688842,0.014822213374070333,0.027058532577133112,0.017189881153451252,0.033704492209745654,0.01922029937960219,0.004682546472233925,0.02186685552166566,0.012528128795551766
-0.036688299351535794,1.016043265683802,0.2553535137736252,1.0922991185585778,-5.170326571835027e-4,-0.8386834966655544,0.6155100160381367,-0.23668829935153549,1.0197142719633243,0.05535351377362495,1.1151967837621222,0.025383490560822397,-0.9694258067067609,0.5968757878481983,0.16331170064846415,1.0130728354319625,0.455353513773628,1.0750583017504685,-0.02386498446605373,-0.7030258461890577,0.6362858727596893,0.026782252643155393,0.019283907229989898,0.03353510231924215,0.021688765565696096,0.004806758971773241,0.021200817012904057,0.013539195222860588,0.026782252643155393,0.021398339259745,0.033535102319242165,0.024409636709097647,0.004860148378328972,0.02082965800674272,0.014799013120590985,0.026782252643155396,0.017391460692385226,0.03353510231924217,0.019445021588190285,0.00475610307583918,0.021579355855728698,0.01248649001631358
-0.0428936072161123,1.014759970578589,0.2544691410690915,1.0961671349056696,1.7729567998553408e-4,-0.8475053069967979,0.6041604774732252,-0.2428936072161128,1.0181056598334168,0.054469141069091044,1.1202830768636156,0.026578278209313994,-0.9771729202215202,0.5855041805584539,0.15710639278388788,1.0120273651091583,0.45446914106909264,1.0780278749022192,-0.023670827696668506,-0.7129059013100869,0.6251657773215586,0.026547554127054274,0.019427954409714943,0.03335953136344487,0.021958875557948336,0.00488205870194788,0.020939195883868843,0.01348706116126687,0.026547554127054274,0.021536894863754742,0.03335953136344487,0.02474791452530778,0.004935603186883347,0.02056703221670846,0.014755039465003752,0.02654755412705428,0.017523096205433252,0.03335953136344488,0.01966024216462314,0.004830895647401099,0.02131923996324785,0.012429569767351007
-0.03682229088025398,1.0176026390758879,0.2612923640046331,1.0962291250846607,4.964264027065568e-4,-0.8651507490773999,0.5899787931170125,-0.23682229088025436,1.0215678707191618,0.061292364004633906,1.1204894460562562,0.02734098083995673,-0.9935062045036821,0.5711732928844748,0.16317770911974588,1.0143401004664074,0.4612923640046336,1.0779730105980352,-0.023799363814688945,-0.7318689383056799,0.611293012415821,0.026353956785414058,0.019585888548754274,0.0332158668034174,0.02212296440543659,0.004958476057071286,0.020741728692494785,0.013432097184308815,0.026353956785414065,0.021702679719878888,0.0332158668034174,0.02494492841583838,0.005012202489595412,0.020366820469584025,0.014706704050972297,0.026353956785414065,0.017660718831597356,0.033215866803417385,0.019794425926996973,0.004906763780928433,0.02112526532013025,0.012371952164422486
-0.05186296137942555,1.0050889200214304,0.2613137358122092,1.0975593144178788,0.0011512995572287021,-0.8768494199602269,0.5762051817926229,-0.2518629613794258,1.0062097363729718,0.061313735812208496,1.122327188571176,0.028457160424901845,-1.0039821298620888,0.5573387010928306,0.14813703862057467,1.0041536680839345,0.4613137358122088,1.0789176135595746,-0.023610200558094624,-0.7447898243612702,0.5977676104674217,0.026205750939989676,0.019612963844507,0.033068466195257155,0.0223412188286795,0.005031396760803226,0.02055473064338945,0.013371342838813194,0.02620575093998967,0.02167132973738368,0.03306846619525715,0.025210366108942832,0.005085059462997295,0.020176376793930344,0.014653418616385378,0.02620575093998967,0.017714744868890114,0.03306846619525717,0.019971698198435202,0.004979365762002213,0.020942292537634497,0.012307368578764386
-0.047546560248825163,1.0130758084271534,0.26407940810867975,1.0990319965951205,0.0010741485237651394,-0.8747081428492399,0.5657794734457849,-0.24754656024882607,1.0159323192299012,0.06407940810868004,1.1243495661203748,0.028857785700724503,-1.0011093270723979,0.546738683628468,0.15245343975117537,1.0106680304606837,0.4640794081086792,1.0799697548499343,-0.02417284927775329,-0.7433401984034177,0.5877208257597162,0.025912557156619342,0.019819065303688634,0.03287900062931526,0.022544614885165466,0.005115185337216409,0.02027893877697959,0.013281342993783448,0.025912557156619335,0.021892356696220975,0.03287900062931525,0.02545984272812197,0.005168622426325947,0.019901487681429027,0.01456429827655695,0.025912557156619342,0.017889517897350188,0.03287900062931525,0.020134619457355236,0.005062987891931503,0.020665641856243214,0.01221883219091694
-0.045738946540723566,1.0237027347542123,0.26118749505089917,1.105334613833565,0.0021864154628606913,-0.8875677535852339,0.5549542585307002,-0.24573894654072323,1.0288632009657546,0.061187495050899474,1.1325477675181386,0.030389695734543642,-1.0128142072395903,0.5362544420481148,0.1542610534592759,1.0193230085870841,0.46118749505089845,1.0848664489421385,-0.023485797472818426,-0.7572716640756876,0.5768399574935001,0.025758133993480217,0.02007764662948774,0.03277419686950873,0.022872157686674957,0.005175377192759214,0.020087998258792227,0.013276033203383702,0.025758133993480217,0.022183705825392912,0.03277419686950873,0.025870712791226637,0.005228544572169604,0.019709303497006975,0.014574400801417614,0.025758133993480217,0.01810587347683288,0.03277419686950873,0.020395799010228033,0.0051231030229712034,0.020476660309948398,0.012202514640154056
-0.03956166782840198,1.0249863544780011,0.2669210544208431,1.1076996755170818,0.0022730852630639675,-0.8959795382446268,0.5434153030158009,-0.239561667828403,1.0303907738481837,0.06692105442084383,1.1357141694032962,0.03090120789728029,-1.0202407839395917,0.5248184413660117,0.16043833217159847,1.0203663873815632,0.466921054420844,1.086627043908984,-0.023832511322092492,-0.7666759843182971,0.5654122843819575,0.02559755645624112,0.020197789783512617,0.032636234347010594,0.023085563374841245,0.0052496716600803385,0.019864135616821287,0.013213072687940145,0.025597556456241115,0.022304634678758647,0.0326362343470106,0.026134386589426267,0.005302475665574474,0.01948465271465991,0.014518513227032938,0.025597556456241115,0.018211761966765827,0.0326362343470106,0.020566373926345187,0.0051973929255827835,0.02025423306316993,0.012135610903814887
-0.023835664898178857,1.0307390031557082,0.2785565956766624,1.1115555039951648,0.0012494796774198957,-0.892625715404351,0.5332967021172533,-0.22383566489817952,1.0373274685289882,0.07855659567666091,1.1407462849664782,0.03027120480449011,-1.0162700269995162,0.5146007475444048,0.1761643351018218,1.0250576274754952,0.4785565956766629,1.0895925397906925,-0.02526349980464135,-0.7639043014596312,0.5556227452498742,0.025375474036516847,0.020307029032054398,0.03247250593705396,0.023270667000815825,0.005335386561027143,0.019584456347388705,0.01310172965373058,0.02537547403651686,0.022413504105694725,0.03247250593705396,0.02636714600195988,0.0053877087152801205,0.019206534111299103,0.0144055879809783,0.025375474036516858,0.0183058438279914,0.03247250593705397,0.020711132424623673,0.005283203209966803,0.01997304534644474,0.012027807405621677
-0.03872888920551112,1.0194792842248463,0.27581076091745493,1.1122452538424366,0.0018719920951209001,-0.8993733835772079,0.5213559391766279,-0.2387288892055111,1.0235445237666703,0.0758107609174547,1.1417309082836518,0.031284935048315615,-1.0220609350391656,0.5027854292502815,0.16127111079448894,1.0159167942650553,0.47581076091745395,1.0900283812174958,-0.025045221929592104,-0.7716111629230327,0.5437862635590565,0.02526655705922547,0.02033147383935675,0.032359383781973665,0.023484884396887836,0.0053992524012124125,0.01943706206817938,0.013068239802031235,0.02526655705922546,0.022374216900263085,0.032359383781973665,0.02662045605103203,0.005451021875143798,0.019057362293832605,0.014382540103414792,0.02526655705922547,0.018360683415711135,0.032359383781973665,0.020887847493588893,0.0053472518802724885,0.019827928733889603,0.011987687476997204
-0.05891337384402578,1.0153337501361068,0.2654930406374496,1.118584695874148,0.004480989165524002,-0.9192011086656093,0.51200930289484,-0.2589133738440263,1.0184253677173698,0.06549304063744908,1.1499211623380352,0.03427737864526814,-1.0406562766742564,0.49446590372431803,0.14108662615597428,1.0125650511442785,0.4654930406374506,1.0949412715959024,-0.022838408809098487,-0.7927172879911728,0.5337514519372031,0.025180541216642694,0.020509548809232225,0.03234026070567004,0.02389743411072704,0.005447519129754086,0.019278437258717057,0.013111643728043203,0.025180541216642694,0.02249837332438082,0.032340260705670046,0.027117253815350618,0.005499041702616018,0.018897058959354653,0.014453393183543417,0.0251805412166427,0.018552061778228452,0.03234026070567003,0.021227344443204205,0.005395350283073521,0.019672025231036807,0.012009285604570041
-0.05995100006587197,1.005170629073756,0.27184386563987256,1.121961551625891,0.004205380102598272,-0.9217455258497129,0.5010373497727642,-0.2599510000658722,1.0061855422097237,0.07184386563987105,1.154350953801536,0.03437472279817727,-1.0423818638008886,0.4837104534279931,0.14004899993412806,1.0042474456228938,0.47184386563987174,1.0975029503010598,-0.023503034939444833,-0.7960733617676674,0.5228184519643444,0.025054650306011828,0.020478738337787097,0.03221973602044945,0.024118303350288098,0.005521182707746068,0.019069913556906116,0.01303029076863006,0.025054650306011825,0.022403808373675567,0.03221973602044945,0.02738799322654396,0.0055719689325238715,0.01868770156055504,0.01437707695205063,0.025054650306011828,0.018556210480696122,0.032219736020449447,0.02140162704554383,0.005469370990658117,0.019464661289747085,0.01192560302571292
-0.032186605228871776,1.0660538132967772,0.2699044779903599,1.127336503683297,0.005513650077018761,-0.9366201038444129,0.4899744141554434,-0.23218660522887113,1.0797034752850967,0.06990447799035973,1.161357126574424,0.03605883875947452,-1.056129914079627,0.4733356732013821,0.16781339477112783,1.0537855108582947,0.46990447799035917,1.1016214199158434,-0.022587737929117307,-0.8121025335303084,0.5113694748073894,0.024873169054698337,0.021407805441884066,0.03215803354912842,0.024454754425033698,0.0055776676190360435,0.018918588795082545,0.013019510525384083,0.024873169054698337,0.02359091390085814,0.03215803354912842,0.027797982759256778,0.005627881359795239,0.018534623960505883,0.014384554444097126,0.02487316905469834,0.019254202953871546,0.03215803354912842,0.021674476683121457,0.005526052496107527,0.019315797951819747,0.011900958898952528
-0.029106610444698595,1.0615652588867677,0.2771055814829277,1.1298844715817236,0.005388935980850884,-0.9367066404824528,0.4808580781559733,-0.22910661044469877,1.073960578766216,0.0771055814829258,1.1646673882649472,0.03629155199907241,-1.055595134051344,0.46452300308674926,0.17089338955530167,1.05023684480843,0.47710558148292675,1.1035386725939842,-0.023093085794477608,-0.8127925675143661,0.5022397950729451,0.02473556256607644,0.021456349006860755,0.03206529728109062,0.02468324637825801,0.005652333807229188,0.018693426374775057,0.012946277920286199,0.02473556256607643,0.023584813370045525,0.032065297281090616,0.02806823053225554,0.005701852080934315,0.018310659096750084,0.014315669472962192,0.02473556256607644,0.019323663838397703,0.03206529728109062,0.0218623669244885,0.005601021255121596,0.01908963518104334,0.011825597065062884
-0.020970984274207332,1.0636195786818958,0.28512345412867307,1.1327025560273485,0.005341935544720233,-0.9475450093662141,0.46840627341980606,-0.22097098427420814,1.0762871077648426,0.08512345412867234,1.1683618219847993,0.036560823518482444,-1.0653933471191355,0.45249501669353154,0.17902901572579338,1.0519423884545214,0.48512345412867225,1.1056616333990024,-0.023474614539464977,-0.8246906818500138,0.4896300892133521,0.02467046792959762,0.021573751891707668,0.03199553705961168,0.02489704821555848,0.005717653429521851,0.01854613157102154,0.012889395497536205,0.02467046792959762,0.023693938627925303,0.03199553705961168,0.028326377232014924,0.00576631797931725,0.01816122541117227,0.01426974078044085,0.024670467929597616,0.01943312307738878,0.03199553705961169,0.022036039099823698,0.005666839799427432,0.01894503674171305,0.011761181483284379
4.4763296912906416e-4,1.0793687741862028,0.2957801036419027,1.1401950335918654,0.004698455908852012,-0.9499319613979001,0.45919566939742934,-0.1995523670308711,1.0952463617494352,0.09578010364190177,1.1781076125883008,0.03622336742556337,-1.067085161113698,0.44378470629377675,0.20044763296912935,1.0647008024892566,0.49578010364190195,1.1114431599914052,-0.024444606068036667,-0.8277630821888908,0.4802351316473546,0.02456050220071175,0.021816982409697632,0.03191438729384776,0.025172911559262365,0.005787905154007333,0.0183329154491327,0.012817430613279895,0.02456050220071175,0.02399024514155204,0.03191438729384776,0.028675991860157492,0.005835673380078326,0.017948492368004804,0.014203820258372123,0.024560502200711744,0.01962085355809807,0.03191438729384777,0.022251815391745085,0.005737651397262124,0.018731575320003295,0.011685287364360865
-0.03037177278596864,1.0721540968143108,0.27939736805271276,1.1451978971147039,0.008434482135400656,-0.9771599695082249,0.4495011117988818,-0.23037177278596963,1.0858671716659958,0.07939736805271301,1.1844816509633302,0.040281793903804874,-1.0928493911136903,0.4357039512636638,0.16962822721403237,1.0590874537412578,0.4793973680527132,1.115282516917571,-0.021058236083855486,-0.856540683575278,0.4693302433284674,0.024537651720221338,0.022003012554039834,0.03194403792446897,0.025622361700590672,0.005821562556854057,0.018258373229253326,0.012907938459602919,0.024537651720221335,0.02407950806586813,0.031944037924468975,0.029197863234430223,0.005868713252543679,0.017870533542991836,0.014331239088746539,0.024537651720221338,0.01984266296690937,0.031944037924468975,0.022628998768446373,0.005771522218738921,0.018661699298454126,0.01174419099299436
-0.02250835590662997,1.0768717976756135,0.2858002524627842,1.1519236268591408,0.008289805538365946,-0.9779532806202873,0.4413086985837519,-0.22250835590662874,1.0911766576454722,0.08580025246278485,1.1931699807372615,0.04043016323809567,-1.0930003832955946,0.4281902247737795,0.17749164409337007,1.0630400140322878,0.4858002524627848,1.120462680524309,-0.021521386183863844,-0.8579654315831196,0.4607861810994649,0.024434294743454148,0.022137688512962377,0.03187981440454633,0.025917390477225806,0.00588869460877425,0.018059277100428293,0.012849326589505524,0.02443429474345414,0.024190240551888665,0.03187981440454634,0.029558933020484648,0.005934839598618521,0.017671870239992466,0.014279845220505896,0.024434294743454137,0.019974296656409398,0.031879814404546326,0.022865476717086216,0.005839299832160253,0.018462344397173144,0.011680499857969972
-0.01580004209899923,1.0753518013600787,0.29415831019321753,1.1573306261531804,0.008112483955671712,-0.98134102258506,0.432305102771974,-0.21580004209899956,1.0890471662877426,0.09415831019321724,1.2001263253473209,0.04053408239525619,-1.0956563153306784,0.41988517827999594,0.1841999579010015,1.0619070762430642,0.4941583101932156,1.124617675788488,-0.022007374326142054,-0.8620879841162993,0.4514339393704458,0.024360150537928553,0.022211917849578523,0.031831054114752046,0.026188789365603565,0.00595601933093827,0.017873340295624637,0.012787907531784189,0.024360150537928556,0.024224123479443,0.031831054114752046,0.029885026232578996,0.006001185431573158,0.01748561899094564,0.01422641368041953,0.024360150537928556,0.020061637807409726,0.03183105411475205,0.023085814720530045,0.005907244124514465,0.018277038292519626,0.011612355487046764
-0.01660086245069667,1.08585058324426,0.2921881001147251,1.1642923481274696,0.009528739920665275,-0.9898172785598749,0.4248209117970357,-0.21660086245069587,1.101162852259977,0.092188100114725,1.2090462086096536,0.04223547155933233,-1.103311234453062,0.413573216154034,0.18339913754930273,1.0705770960156211,0.4921881001147269,1.1299750552450905,-0.02090527674071435,-0.871407739220671,0.4432114750682971,0.02429329899536016,0.02251420153665514,0.03181549283280888,0.026568436148996084,0.006008050601352837,0.017726939450416788,0.012796300688395884,0.024293298995360164,0.02452780780253384,0.03181549283280887,0.03033670118657353,0.006052272364794791,0.017339004555249674,0.014251497619694398,0.024293298995360164,0.02033125252363887,0.03181549283280887,0.023396822933422535,0.0059598555959194,0.018131370041174814,0.011605333467885785
-0.009178956839179396,1.0793570389471225,0.30250522332098245,1.167380152972925,0.008555393354725715,-0.9856996082536222,0.416655412987496,-0.20917895683918,1.0930207342756564,0.10250522332098348,1.2129478934339728,0.04152772776940966,-1.0987715647646292,0.4058870169024776,0.1908210431608209,1.0654468830164971,0.5025052233209837,1.132332269861348,-0.02217403349425598,-0.867681070833311,0.4349244587809488,0.02419343818775621,0.02248070990736121,0.03174970681115532,0.026771624055313338,0.00608129893198676,0.017522988375056538,0.012703894446297458,0.024193438187756214,0.024417811464718525,0.03174970681115531,0.030571150074244432,0.006124305880530805,0.017136431710072477,0.01415818059426116,0.024193438187756214,0.020340878357077992,0.03174970681115532,0.023565056311859577,0.00603396718196064,0.017925996015966283,0.011514045538410785
-0.025839460317881313,1.062446294789135,0.3008765466717815,1.165803163930896,0.010199358920621238,-1.0031550129208746,0.40545809017032103,-0.2258394603178818,1.0725371695650654,0.10087654667178095,1.210650730568576,0.043433443689322504,-1.1150345822886063,0.3958643615036694,0.17416053968211853,1.0518077319722663,0.5008765466717818,1.1310938246718474,-0.020824982255485847,-0.8863846341042189,0.4229225422833524,0.024170437584847805,0.022437739810762317,0.031756373837167305,0.027014632338901477,0.006132172726746028,0.017436909739706456,0.012709650537672056,0.024170437584847805,0.024239946325806335,0.03175637383716731,0.03081908776763051,0.006174184891776938,0.017047521877603188,0.01418574968935593,0.0241704375848478,0.020380397918873767,0.031756373837167305,0.02378358791374436,0.006085472575929162,0.017843502790269722,0.0115011164650474
-0.044664814464225086,1.0450621321980778,0.29704403015174774,1.1662090571209176,0.01196609943372079,-1.0134845762184093,0.39693200008712265,-0.24466481446422528,1.051831223907833,0.09704403015174685,1.210883476753236,0.04546583086696915,-1.1244395600903647,0.38854895507661724,0.155335185535776,1.0376306864797562,0.49704403015174914,1.131404298349799,-0.019358785430230896,-0.8976519133392499,0.4136323173495624,0.024126814731267095,0.022382052691585743,0.03175784615818126,0.027307091427755587,0.0061824847440152975,0.017328484871956127,0.012721529654652714,0.024126814731267095,0.024041926628134428,0.03175784615818126,0.031127854228749512,0.006223395847310807,0.016937769715876416,0.014214721537008262,0.024126814731267095,0.020413888138565886,0.03175784615818126,0.024041028651071553,0.006136517836812793,0.01773680371256879,0.011495545578644538
-0.04361501008336017,1.0346942918082827,0.30485196566572786,1.1700692744923598,0.011781626108173737,-1.017451196661444,0.3882531134238622,-0.24361501008336042,1.0396557587466795,0.10485196566572715,1.2156589522291494,0.045512909486814135,-1.1277002457181122,0.3809029605963955,0.1563849899166401,1.029094782172824,0.5048519656657299,1.1344007815549744,-0.019808448706375825,-0.9023677878543458,0.4043326777447615,0.024073375182895724,0.022335423147735314,0.031735367467536336,0.027560306368832103,0.006246845384680259,0.017166662923740375,0.012660758381417118,0.024073375182895727,0.023906773864148217,0.031735367467536336,0.03141332626584307,0.006286536332916549,0.01677496747855586,0.014160676434766787,0.024073375182895724,0.02042389395751247,0.03173536746753634,0.024254513092300308,0.0062017587903076135,0.017576174429067067,0.01142796603160621
-0.02178728779044962,1.0313056580133635,0.32324238017932316,1.1692154845601603,0.009078700556047925,-0.999101530958761,0.3810405436458974,-0.22178728779045015,1.0356791220469168,0.12324238017932307,1.2144188697769527,0.04303427566141621,-1.1095130236790924,0.3735844594317282,0.17821271220955118,1.0262992313348691,0.5232423801793237,1.133722389042423,-0.022768285599645388,-0.8837681616393678,0.397538184935714,0.023962637555991106,0.022282223645402537,0.03165825997020823,0.027630421347345342,0.006329481738571344,0.01694662562455415,0.01251007509255837,0.023962637555991106,0.02381280782072216,0.03165825997020822,0.03147681028526968,0.006367723848134666,0.016558845943501543,0.013994602921720467,0.023962637555991106,0.02039602648902526,0.03165825997020823,0.024318995225138813,0.00628554702344062,0.01735163577989072,0.011292850226536059
-0.023349393635767584,1.0396701724442279,0.32162111203241944,1.1730020289391736,0.010483818712959725,-1.0091880441733672,0.3737365910628977,-0.22334939363576636,1.044938067683566,0.12162111203241908,1.2189880586057038,0.04466125292146067,-1.11878300400202,0.3677437741846197,0.17665060636423208,1.0334424707464087,0.52162111203242,1.136679419206976,-0.021619973228427902,-0.8947001375713852,0.3892722804104733,0.023904305225895633,0.02248714128201442,0.03166843174193144,0.027956533345327533,0.00637769669889109,0.01683019894532415,0.012521857878457388,0.023904305225895633,0.023964244499807975,0.03166843174193144,0.03183665280921499,0.006414655129367048,0.016442188834482094,0.014022834637637453,0.023904305225895636,0.02061278354423863,0.031668431741931444,0.024598320409869485,0.00633470761926884,0.017235880679460924,0.011288208936014246
-0.01819708394338533,1.0312057297337816,0.3306723928019908,1.1732726539423646,0.009463350519802016,-1.0022294027293444,0.3663182391099092,-0.21819708394338422,1.0351391279963793,0.13067239280199144,1.2190609677633908,0.043844103368080645,-1.1115916820650997,0.3609095174412226,0.1818029160566138,1.026416853979476,0.5306723928019914,1.136914786117281,-0.022878101984176225,-0.8879322464486982,0.3817201010248585,0.023834689424358055,0.022417333859401676,0.03163412734300409,0.028112674212936548,0.006443395858750937,0.01667136943355711,0.012441227109367717,0.023834689424358048,0.02381135484765835,0.03163412734300409,0.03199124209493725,0.006478906298251678,0.01628509493747171,0.013939797046420793,0.02383468942435805,0.020599378216072457,0.03163412734300409,0.02473916094794505,0.006401544844710386,0.01707513527017126,0.011208970101219016
-0.03331687163441991,1.0120201364505998,0.32961157947967246,1.174656196306104,0.010442846720698618,-1.008923735259391,0.3588688753443334,-0.2333168716344205,1.013402992038316,0.1296115794796736,1.2204288864516002,0.04501542929271457,-1.1175358877980577,0.3548600513887186,0.1666831283655809,1.0102506559543458,0.5296115794796743,1.1380491418854792,-0.02212642842888768,-0.8954007910550121,0.373375437813883,0.023806060552798106,0.022267674064277584,0.03163985442282374,0.02836951687089859,0.006491787031221021,0.016568828611887257,0.012442044673967891,0.023806060552798103,0.023521787302091684,0.03163985442282374,0.03225389189383631,0.006525941689256179,0.016181645817281824,0.013953676349903722,0.023806060552798106,0.02055374884706845,0.03163985442282374,0.02496842735197756,0.006450974597919835,0.01697388298064102,0.011195753821834487
-0.010974139945451709,1.0485053420858932,0.33575613372588914,1.1801472176167438,0.010213587907938027,-1.0096430899091804,0.3521092059424706,-0.21097413994545142,1.0541993756385148,0.13575613372588946,1.227240734539003,0.04498036144359818,-1.1177393276273742,0.3492964728776565,0.18902586005454874,1.0412180518513687,0.5357561337258889,1.142317468890495,-0.022583813805939046,-0.8966311773299676,0.365923762694334,0.023746792361027915,0.02284523136769912,0.031629084421596405,0.028661777416163974,0.006547032436276475,0.01643128793444251,0.012401662820553466,0.02374679236102791,0.02418387691870254,0.0316290844215964,0.03258839920656549,0.006579805163100386,0.016044350777270462,0.013917565299161489,0.023746792361027908,0.021017969582526223,0.0316290844215964,0.02521158457282017,0.00650733826294651,0.01683621599994922,0.011148974428911718
-0.013190438612654011,1.0418452638273061,0.33827533201630094,1.1844255545841509,0.010747062158659726,-1.0124280512879287,0.34617602785322815,-0.21319043861265477,1.0464343367419349,0.13827533201630202,1.2323590482265194,0.045698221135241746,-1.1199893453038818,0.3447890265366824,0.18680956138734667,1.03573412692623,0.5382753320163028,1.1456834786409658,-0.02227134681714421,-0.8999535994017764,0.3591091054819027,0.02371139930179997,0.022833867062488144,0.031637226212032875,0.028965378176969196,0.006597828555509014,0.016304448672186167,0.012385533986042058,0.02371139930179997,0.024082128881806615,0.03163722621203288,0.0329208151598767,0.00662916243806736,0.015917995114477262,0.013907778884611225,0.02371139930179998,0.021065622191747686,0.031637226212032875,0.02547167358501409,0.006559291018101349,0.016709101162423648,0.011123376946139966
-0.02999471056709113,1.03255302946621,0.33168913852657805,1.1872730936579947,0.012787349298535422,-1.024857624989983,0.34014686624790996,-0.22999471056709023,1.0357697607509526,0.13168913852657768,1.23541102614671,0.04791677230957647,-1.1315076247986209,0.34075385521345647,0.17000528943290863,1.027999002423348,0.5316891385265791,1.1480017204766515,-0.020448551723229402,-0.9133250189676535,0.35168006379701866,0.023679962821676434,0.022818706563084004,0.03166335562587425,0.029306009033039725,0.006636482373650799,0.016218953463075936,0.012428422716089606,0.02367996282167643,0.023939837093731525,0.03166335562587426,0.03327125017745053,0.006666429538637304,0.015831358651406145,0.013966167095422392,0.02367996282167643,0.021136045713350822,0.03166335562587426,0.025773944366697624,0.006599042918120529,0.016625196715676183,0.011145736218835646
-0.03383173642904765,1.0344317829556713,0.3296224644786824,1.190445667478667,0.0137271350280046,-1.028099049059928,0.3348359111526194,-0.233831736429048,1.0375861525790924,0.1296224644786814,1.2389523531384665,0.04902135715360095,-1.1342328902621244,0.33704761818815354,0.1661682635709522,1.029750073478809,0.5296224644786818,1.1505553045821253,-0.019710165501151677,-0.9170842897467261,0.34535592075033555,0.02363793011893102,0.02290606863918062,0.03167053903729654,0.02960276686770378,0.0066802808684281985,0.016115970430542945,0.012436447211774889,0.023637930118931023,0.02395277481047783,0.03167053903729654,0.033579969902300395,0.006708756132610381,0.015729059743396476,0.013980969476626,0.023637930118931016,0.021264209635752204,0.031670539037296545,0.026034879874747938,0.0066440622970641555,0.01652170145666842,0.011142075881712498
-0.024732932084820018,1.0457643560489214,0.3323040913761393,1.1984653555322364,0.01381400780986275,-1.027036132907241,0.3304504980488732,-0.22473293208481973,1.0498314231438106,0.13230409137613908,1.248817874553195,0.04926527846549428,-1.1328288378056977,0.3341805560229411,0.17526706791517999,1.0395852455419567,0.5323040913761404,1.1568290509613985,-0.01981485335264288,-0.9163509743687883,0.34004707008498075,0.023603710144573534,0.023120062123174894,0.03166921121475568,0.029950641672651025,0.0067277577791970255,0.01598796943561005,0.012416937861096227,0.023603710144573527,0.024153329435232393,0.03166921121475568,0.033977687315509014,0.006754738715840522,0.01560237437542494,0.01396085134051199,0.02360371014457353,0.021464932857400237,0.031669211214755674,0.026326013578208938,0.006692814725377306,0.016392474361373286,0.01111690492822397
-0.027486552087889006,1.0557226710804932,0.32859806264178987,1.207434762591741,0.015537263493873021,-1.0392163674972348,0.3258858521832777,-0.22748655208788884,1.0603864018274223,0.1285980626417912,1.2596766220732263,0.05112588889781605,-1.144136177375983,0.3319122715212824,0.1725134479121119,1.048336600385283,0.5285980626417909,1.1639073802019466,-0.018265101114108062,-0.9294837619276208,0.3338148150548849,0.02360010394154462,0.023361237038977318,0.031703959323333426,0.030365705083476663,0.006763239400046529,0.015902716831900483,0.012467247827729613,0.023600103941544614,0.02435197959956818,0.031703959323333426,0.03443988605830346,0.006788791955147102,0.015516137199990832,0.014021185685346346,0.02360010394154462,0.021711855871040717,0.031703959323333426,0.026676799722943373,0.0067294761380788165,0.016308737737142625,0.011147846612821588
-0.020441099570479994,1.0686246238540311,0.33313645224032157,1.2058290563741114,0.015265495513845262,-1.0381895276715112,0.31891365385378506,-0.22044109957048,1.074192809133595,0.13313645224032133,1.2570409762915482,0.05100028152505698,-1.142661345612728,0.32620812232079577,0.17955890042952075,1.0595641592902127,0.533136452240322,1.1627850956501316,-0.01872097899024161,-0.9288648595277762,0.3261116764567257,0.023569511446101782,0.023655288848753373,0.03170498244212658,0.03053527139517857,0.006813473303710102,0.01580535956967524,0.012427535173801931,0.023569511446101785,0.024636363048291917,0.03170498244212658,0.03458127831428943,0.0068375390891665215,0.015418671966724235,0.013980108458806479,0.023569511446101782,0.021980738865490762,0.03170498244212657,0.026842105914725592,0.00678098357163047,0.01621135581240191,0.01110285461934312
-0.03351208216502697,1.0565322230043612,0.33007507935390784,1.2067006953658699,0.016596233428376572,-1.044925984930915,0.31354600918084075,-0.23351208261755427,1.060560197087218,0.1300750791008372,1.257401669356368,0.052472693804851034,-1.148720814443275,0.3228508382206571,0.16648791783497302,1.049429655174681,0.5300750793539079,1.1636319693029438,-0.0175705815824998,-0.9363039761742006,0.3193972031872812,0.023549232397626112,0.02356041333029021,0.03172862853341294,0.030810317705921048,0.006852602560820654,0.01572872402831892,0.012450054262028259,0.02354923240395121,0.02441518998825169,0.031728626687095626,0.034839775115587016,0.006875074036305081,0.015341467936188164,0.014007621726076145,0.023549232397626112,0.021984730819089603,0.031728628533412934,0.02709721217247437,0.006821472035587632,0.016135589959744786,0.011111195812872355
-0.04581537157495496,1.039731086318657,0.3293779988815951,1.2067149040012248,0.017582289465680967,-1.0512516711853135,0.30814572842590143,-0.24581537171450155,1.042164911760371,0.12937799881219914,1.2566451608709817,0.05358009033760164,-1.1543743832961715,0.3194636663514379,0.15418462823699133,1.0350162193927894,0.5293779987892254,1.1638430459378806,-0.016744882504260872,-0.9433231763951312,0.31265164857438305,0.023536313420029382,0.023381135280140485,0.03175756750832176,0.031043488737449033,0.006893618863716177,0.015648889858985184,0.012463867425985771,0.023536313422048337,0.024105343484434615,0.03175756641165881,0.03504474487769204,0.006914508527869471,0.015260963652656232,0.014023974335111619,0.023536313422762942,0.021918965196120754,0.031757565944902526,0.027320773772546658,0.0068638379143651914,0.016056696544497068,0.011112358313079952
-0.05236722636493834,1.0457138531108068,0.32463745007779077,1.2086049113197228,0.019073218926766,-1.0572150916508094,0.3046115710206252,-0.25236722644753196,1.0481404140986936,0.12463744603033143,1.2581294892974726,0.05519325729079039,-1.1597868946821017,0.31818745163362716,0.14763277350381177,1.0405223085018669,0.5246374460009267,1.1655509514050275,-0.015416934039924501,-0.9498667044261658,0.3075927704742876,0.023494998435952156,0.023503791477307738,0.031784612147866945,0.03134044420545224,0.006930423826894162,0.015561675928853231,0.012492821387181737,0.023494998437134512,0.024138983402628714,0.031785158319708524,0.03531863746070211,0.006949737520968259,0.015174343491244142,0.014052248116107455,0.023494998437841134,0.02209401611026768,0.03178515832022614,0.027598346045005693,0.006902001045585994,0.015969196871728524,0.011129365189788106
-0.05493544772036444,1.0574003353254067,0.32110519696020856,1.2120801627653701,0.02036251106203052,-1.0626647653273453,0.3012136773231383,-0.25493544775982896,1.0600745799030902,0.12110519693623509,1.2616549232107792,0.05659500303871051,-1.1646792658316594,0.31709019610964473,0.14506455219151493,1.0511062164652667,0.5211051969066753,1.1684829325961363,-0.014278812168611321,-0.9559072013753097,0.30263296094855846,0.02346530966200336,0.02370399410903097,0.031811826254255576,0.031652753232537884,0.006966430296349795,0.015479229115988813,0.012521200698078749,0.023465309662560028,0.024272608698002504,0.0318118262546751,0.035620232881987915,0.006984152577460435,0.015092165296408262,0.014077376293984072,0.023465309663253317,0.02232314151803212,0.031811826255189586,0.027883518276703573,0.006939403358368651,0.01588680037658558,0.011147014021373025
-0.04399965264706392,1.0636311151571805,0.3297078447120226,1.2152639655801236,0.020354687181497855,-1.0688193788531015,0.2956289220021168,-0.24399965265409806,1.0664274251494654,0.12970784470773297,1.265135353526742,0.05670117160294463,-1.1701654474355367,0.313650799281154,0.1560003472977152,1.0567378365236932,0.5297078446783505,1.171080787106558,-0.014438154094385036,-0.9627741529918216,0.29564801790863227,0.023479526546800678,0.023879651627095072,0.03185340572876007,0.031923979440088616,0.007013034546550215,0.015380743131635153,0.012500841376183755,0.023479526546898048,0.02442444321346741,0.03185340572883408,0.03590142576325915,0.0070290603884846405,0.014992709533307355,0.014052182775072532,0.023479526547569116,0.022499863112547133,0.03185340572933878,0.028123232601513334,0.006987515937411227,0.015789630135168525,0.011118886595094937
-0.03483103753571561,1.0566101527012406,0.3405768991665188,1.222478897964449,0.01972611097831317,-1.06969968783828,0.2916274557417325,-0.234831037518882,1.0588558366014493,0.14057689917677707,1.2737109717451656,0.056145134827881304,-1.170605335899795,0.31166086788647374,0.16516896243328538,1.050668085751011,0.5405768991476264,1.176841370726547,-0.015175722207867004,-0.9641113871733713,0.29029881924214596,0.023500748180530846,0.023806589080882155,0.03189995733712967,0.0322143482305272,0.0070618735405585985,0.015266644732010028,0.012462776613719506,0.023500748180301203,0.024297009964714414,0.03189995733695485,0.03622415228074657,0.007076287592188565,0.014878497390576945,0.014000991947499382,0.023500748180955978,0.022478614270402816,0.03189995733744972,0.02836930631726269,0.007037789717122058,0.015675824244600615,0.01107943504263957
-0.016051970845115768,1.0647846319520788,0.3526511304089548,1.2327640758896192,0.018813590931739843,-1.06654012073235,0.28915749681685265,-0.21605197081111527,1.067230551616789,0.1526511304298653,1.2861367079569241,0.055313262440482736,-1.1672280947667133,0.311112593224037,0.18394802914192243,1.0580444245247174,0.5526511304009825,1.1849775095642503,-0.01620779960267521,-0.9611599348739521,0.2865389822794671,0.023505485161716216,0.023968447449989095,0.03194537607502917,0.03257436335924677,0.007113238474940866,0.015125053218046577,0.012398055557587278,0.02350548516126427,0.024443818699874158,0.03194537607467675,0.03663907565915543,0.007126023436613056,0.014737965381461379,0.013914074739749347,0.023505485161889172,0.02263588571326521,0.03194537607516272,0.028665823741262027,0.007090619419959339,0.015533218045614357,0.011020316722423854
-0.020733368056214622,1.0435367827877697,0.3586903308325026,1.226877477528636,0.01802176216670781,-1.0591922787727384,0.28443213957689945,-0.22073336800906895,1.0448224021492796,0.15869033086128526,1.2778871877319482,0.05460896981995722,-1.1597977911968014,0.30781439512403147,0.17926663194385237,1.0393006778595835,0.5586903308325423,1.180650347777686,-0.017127870977689363,-0.9538547971063835,0.28101333500748843,0.02348006229035772,0.02368174553036151,0.03196551658757008,0.032653967353708686,0.007161548518140236,0.015025705734069184,0.012333096851456466,0.02348006228973732,0.024045220618084222,0.03196551658708886,0.03664317412982951,0.007172663986458098,0.014639736698751748,0.01383350658130868,0.02348006229035686,0.022466705137541232,0.031965516587569416,0.02877525477321603,0.007140450534366574,0.015432574118020272,0.010960050815964698
-0.02357300631836436,1.044717547381335,0.3570119374985639,1.2346040063012582,0.019280206630576058,-1.065644789519955,0.28317494770317697,-0.2235730067198673,1.0457442026199464,0.15701193718845155,1.2865732586714749,0.05594131723175966,-1.1657008290539999,0.3092797727683481,0.17642699369144482,1.0405872438585448,0.5570119375045625,1.1869671131445603,-0.015982238627534173,-0.9608794629964019,0.2777527982264339,0.023476204209356658,0.023718804694285785,0.032013450841801516,0.03303732943832294,0.007194724786583288,0.01493865728405339,0.012359131258956631,0.023476204214461893,0.02400493710549879,0.03201345084724501,0.037036454065813795,0.007204178672870862,0.014553027503966073,0.01384012936219415,0.0234762042092287,0.022563086627316768,0.03201345084170247,0.029113775501277493,0.007175126077163987,0.015345468171760081,0.010980701290721174
-0.022670078650510257,1.0538791293479561,0.3548147482249933,1.246669642939246,0.02038059226280814,-1.0685124637643806,0.2830974524444583,-0.22267007873978809,1.054860683272097,0.15481474814835275,1.300653875175885,0.05711360843886448,-1.168173439415433,0.31180399996514024,0.17732992117473456,1.0490740613138467,0.554814748090328,1.1966650848293094,-0.01499099090083289,-0.9641381493968566,0.2757022788575323,0.023472762110859895,0.023889811314243375,0.03205258303164017,0.033491607163045,0.007226623105551304,0.014846566395870798,0.012373955091589544,0.023472762111985138,0.024123914230669945,0.03205258303298868,0.03752828434745545,0.007234411013194097,0.014461723158861657,0.013828069192543006,0.02347276211307828,0.022759050444944667,0.03205258303396645,0.029500582264109676,0.0072085428440410064,0.015252726441191047,0.010995269048047412
-0.03975428645662585,1.0403164941281056,0.3485281843795403,1.2458940291989906,0.02227029385701018,-1.0779151627151569,0.28067227510356185,-0.23975428649056396,1.040693987699574,0.14852818434414244,1.2983581602021252,0.05907565768962819,-1.1768548094141866,0.31222841324318545,0.16024571342248703,1.0370246899878661,0.5485281842855946,1.1964748868608788,-0.013213036625782382,-0.974302171751943,0.27114835193344566,0.02347256288998987,0.023725303802409576,0.03209561170588273,0.03375110562966571,0.007253440893300538,0.014802715967097436,0.012430258783311655,0.02347256289041181,0.023846975613827565,0.03209561170651792,0.03772355852583232,0.0072595923349032315,0.014417146823223127,0.013866512102072659,0.0234725628915222,0.022706952959316254,0.03209561170750043,0.029764547064853923,0.0072368684260834095,0.015209941151342133,0.011042303302153585
-0.02404037884626866,1.0398558136665461,0.36162938843001996,1.24859416521874,0.020206432537992647,-1.063752648563934,0.27783666556895154,-0.22404037883640163,1.0401162741821033,0.16162938842709582,1.3011278338662131,0.05705440996850353,-1.162938821142897,0.3105809153992519,0.17595962107804794,1.03669711203994,0.561629388369194,1.1987787205234224,-0.01535635454399259,-0.95981065769249,0.26760209105064214,0.023466793255286604,0.023708706222280326,0.032127653438268636,0.03392215247507814,0.00730476328706505,0.014677754312058179,0.012316119968972746,0.023466793255158547,0.023797016034258326,0.032127653438342986,0.037889759504158425,0.007309274299702386,0.014294282964877291,0.013722487405362038,0.02346679325623443,0.022720689870771187,0.03212765343931143,0.02992163206689799,0.007289728326683087,0.015082462636400375,0.01094489771563185
-0.02628725929674629,1.0297172060325892,0.36424884963539567,1.2528206514843294,0.02033801285591713,-1.0635000922722988,0.2766521141170326,-0.22628725925340562,1.02972134143972,0.16424884965725733,1.30530490105764,0.057230621691225,-1.1623910821055519,0.31165142724560707,0.17371274066087955,1.0275354432971553,0.5642488495993468,1.2024436488454024,-0.015308316833175628,-0.9598246988714003,0.26470773778012163,0.023462807332661807,0.023554229297134518,0.032172904418334876,0.03419482137019142,0.007341798533948258,0.01458431522105564,0.012291209826011553,0.023462807332119258,0.023563087662853578,0.03217290441798638,0.03814030053453518,0.00734465753461145,0.014201554808813851,0.013665547127438105,0.02346280733318891,0.02265196756480011,0.032172904418953,0.03017731340295808,0.00732829163481229,0.014988306825512018,0.010926097042568016
-0.029754679213294045,1.0334987423219688,0.3620420479550402,1.2584145039075787,0.022137948605187086,-1.0776054056222433,0.2757299274010243,-0.22975467914375886,1.0333188861172635,0.16204204799629177,1.311017306953831,0.05906462579117583,-1.1756415281799946,0.31408466995065654,0.1702453207700185,1.0311976007875105,0.5620420479379982,1.2072351579690532,-0.013579212801973328,-0.9748584758582847,0.26111218334586317,0.023491499414998545,0.02362067058103101,0.03224346037416042,0.03453788218380113,0.007367944119363106,0.014532412717592669,0.012353105070132053,0.023491499414133896,0.02356440740530399,0.032243460373484086,0.03846612087134761,0.007369124005814768,0.014148811711407642,0.013698126700702728,0.023491499415205147,0.02277152315889796,0.032243460374455864,0.030494257776473032,0.007355982859534347,0.014937722708526998,0.010981518895614075
-0.007365423310940887,1.050090841422542,0.37415710910725397,1.2613167366880282,0.019728495545146385,-1.054662493636465,0.27469821135588735,-0.20736542322242227,1.0497227470560697,0.1741571091627466,1.3137695224065509,0.056692936121864546,-1.1534095980314434,0.3137162704368717,0.19263457669248907,1.0466957987241363,0.5741571091050536,1.2097960310802893,-0.016067627479507962,-0.9510667113966559,0.2597568940493717,0.02345589400509067,0.023851712607439558,0.032271122394528715,0.03472707360102842,0.0074192463975582814,0.014387635454000687,0.012192871904996742,0.023455893928224548,0.023775075361898098,0.032271122393610005,0.038636169148503506,0.007418848426172615,0.014007861157856044,0.013499381710785662,0.023455893990879544,0.022993468579321042,0.03227112239457178,0.030673496758386924,0.0074087943023390425,0.014788452234470466,0.010850075932618232
-0.014934599438763912,1.033787217816747,0.375284121030992,1.26095551696543,0.019694236391967213,-1.0502892265536894,0.27349253999127837,-0.2149345993353265,1.033306617877331,0.17528412109784544,1.3120945419516223,0.056692006525271565,-1.148937089059263,0.3144811539393081,0.18506540057965282,1.031729129581482,0.5752841210400829,1.2099498519155054,-0.016174084063401484,-0.9467676441159071,0.25704801552941997,0.023446225224234285,0.023595358430285037,0.032309012501259546,0.034918487318173035,0.007453454911633498,0.014309514709597675,0.012154527231865156,0.023446225184310925,0.023433123940487445,0.032309012500149795,0.038765303747972206,0.007451468497970396,0.01393069778816177,0.013427696108598402,0.02344622521349886,0.02284224158169708,0.03230901250111245,0.030876844003344343,0.0074445166034503045,0.014709335807258962,0.01082261925913151
-0.014166601148149004,1.0358666654079918,0.3762693693328157,1.267193395329555,0.020772447237615732,-1.0567239542051,0.27372464780130323,-0.21416660103359872,1.0351834852714943,0.17626936940861587,1.3184762361606954,0.05778529167552915,-1.1548485128210457,0.3175161231402037,0.18583339888169711,1.0338404441910034,0.5762693693506432,1.2153160522880708,-0.015149948045877548,-0.9537437586419072,0.25491888555070247,0.02347134591534281,0.02363516570581711,0.03238370465774112,0.03525651046586297,0.007482615391995202,0.014240670189743976,0.012166950650682407,0.02347134592036419,0.023414687457226455,0.032383704656480154,0.03908323144482184,0.007479034088333393,0.013861958265285594,0.013399719086753498,0.023471345917068637,0.02293361308613147,0.03238370465744703,0.03119051503594801,0.007475173402855253,0.014640592846931227,0.010841362587806429
-0.013578503954413807,1.0373813366428828,0.3771840301712678,1.2724897961639068,0.02201081388961046,-1.0667527004276256,0.27373298088123094,-0.21357850383084154,1.0365048483080328,0.17718403025406163,1.3237129876391074,0.05903921475048052,-1.1642039816014467,0.3205759424968655,0.18642149608433575,1.0354256186599495,0.5771840301958634,1.2199329316650336,-0.01396446376388738,-0.9645013191091081,0.25232168499167273,0.02350735508618471,0.02367034692061122,0.032461160229558216,0.03558758303082946,0.007509962312334766,0.01418188801377083,0.01219454991238356,0.023507355125767213,0.02339647098210143,0.03246116022817889,0.03939238306777213,0.007504727922209559,0.013802800808309871,0.013385666340337133,0.02350735510107035,0.02301780505102575,0.03246116022915032,0.031499067077281236,0.007504087416539076,0.014582541708834482,0.010873894769590902
-0.023152548935108017,1.0170318923126154,0.37976022218502964,1.2684363667851901,0.02265743135298054,-1.076772684618427,0.2724307711285248,-0.22315254880316818,1.016513703143989,0.17976022227314747,1.317378952215182,0.05968867053968674,-1.1734875262723143,0.32223595577614356,0.17684745111098846,1.0162743319110346,0.5797602222148239,1.217299598177178,-0.01336168216357464,-0.9753194125936384,0.24850097065363158,0.02352558484220649,0.02334330082367728,0.03253886569866083,0.03571805726428842,0.0075418013262697715,0.01412140195456657,0.012202606868346528,0.023525584920077093,0.022987168940282313,0.03253886569719084,0.039425611957298684,0.007534990573158225,0.013741188902372888,0.013353216572748532,0.023525584873974156,0.022807475641181192,0.03253886569816527,0.03166987594096467,0.0075374195765456975,0.01452352743824811,0.010887584542502755
-0.02994609748776354,1.0076958246057772,0.3789250053548708,1.2750560907103157,0.024053548093830313,-1.0888332662924944,0.27349471428703026,-0.22994609734886437,1.0074227600383145,0.17892500544742565,1.3241334796512236,0.061080342001724464,-1.184760356219784,0.32644726899711024,0.17005390256423758,1.0073978894764735,0.5789250053887802,1.2230269115846408,-0.011995648420078886,-0.9882304052012479,0.2466585531614858,0.023566863203606646,0.02318491604142749,0.03261515113295576,0.03605273827143595,0.007566026410277097,0.014072014984575621,0.012242709326069842,0.023566863303252264,0.02277057369227785,0.032615151131410565,0.039739373403491235,0.007557595799654185,0.013690892810650725,0.013341855468138276,0.02356686324669403,0.02272698274815924,0.032615151132390816,0.0319814996812479,0.0075631874410680144,0.014475456358307706,0.01093755411819635
-0.027552333160269435,1.0043477989623444,0.3838506480442496,1.2722143448098397,0.023472435941986225,-1.0825952086293649,0.27191045462170044,-0.22755233301702477,1.0041788597687196,0.1838506481396421,1.3195817685501057,0.06051708656211219,-1.1784753745067227,0.3265661442673978,0.1724476668959283,1.004194251512989,0.583850648081101,1.2212055366012513,-0.012631529888572912,-0.981999209557283,0.24362251925140438,0.02358135651373809,0.023170592687881207,0.03266483491225802,0.03618684719446472,0.007600009931944298,0.014004975967857682,0.01218117952479539,0.023581356620701936,0.022716444274702596,0.032664834910666546,0.03980155892248136,0.0075899948387825895,0.013624482160035999,0.013244129217724337,0.023581356561987926,0.02275514386673828,0.03266483491164382,0.032141217422461746,0.007598723941987007,0.01440762740054746,0.010892455250032138
-0.036622716036036104,0.9951293527515419,0.3815355484772015,1.2757160557605913,0.025214261710405306,-1.0973114823657195,0.2735098266319426,-0.23662271588757885,0.9953446202722418,0.18153554857559182,1.3223374849411287,0.062253569336755965,-1.1923006663718918,0.3314317084040698,0.16337728402413773,0.9952708688872868,0.5815355485166327,1.2245683083916148,-0.010920558227565824,-0.9976842411611493,0.2420351970314687,0.023616408534460412,0.023006688412416338,0.03274404508565723,0.03648624220212503,0.007621956408068766,0.013962207491227882,0.012230077594438197,0.023616408646732586,0.022492875115961323,0.0327440450840154,0.04004782226942243,0.007610307723330802,0.013580627790871927,0.013235134812431229,0.02361640858670067,0.022672829190302606,0.032744045084999826,0.032438691786489234,0.007622244509029767,0.014366394198815012,0.010954701632602282
-0.031073714060908014,0.9957928866568996,0.38444450721469553,1.287723612614126,0.025165705789269077,-1.0934424066170174,0.27582044822142376,-0.23107371391048617,0.9959918368479646,0.18444450731491627,1.3355828568685582,0.06220265460269775,-1.1883967236904591,0.3354808098611284,0.16892628600149245,0.9959009266934834,0.5844445072559163,1.2345454247695669,-0.011001997873570202,-0.993819170253079,0.24245001776931605,0.02363347788719753,0.0230019697312003,0.03280319094378839,0.03691263666065079,0.007651904998783149,0.01387315644424605,0.01216593515600883,0.023633477972819686,0.022451939331229482,0.03280319094211836,0.040492280208189915,0.007638665495916295,0.01349292959210941,0.013117274647411171,0.023633477927993557,0.022707158752734224,0.03280319094310188,0.03280847753340958,0.007653761658298941,0.01427593377712458,0.010919527819397147
-0.04131845157973575,0.9883954677263774,0.3802333106167397,1.2936876768463046,0.026606543809001848,-1.0986714319068251,0.27857934606770474,-0.241318451425773,0.9890049439899875,0.18023331071910642,1.3409740892449522,0.06363701506272468,-1.1930929083077868,0.3405100504808884,0.1586815484852076,0.9886216996410558,0.5802333106596348,1.2399943012757852,-0.009591846000393367,-0.9995063326231548,0.2426267735723688,0.023646659206811707,0.022859842262024317,0.032864312079163065,0.03725757357511582,0.007673201496406885,0.013822487027074393,0.012169345375322242,0.02364665927923474,0.02225245003237825,0.032864312077458636,0.04077982035990178,0.007658442626621218,0.013442088304441742,0.013060002936423194,0.02364665924193609,0.02264226381583313,0.03286431207844899,0.03314587052215234,0.007676553246036052,0.014225429769300578,0.010948102258513436
-0.0313024556923712,1.0073443739043988,0.3839973802524085,1.295130191100021,0.027137544850942497,-1.1025604619150804,0.2795673399666721,-0.23130245616571557,1.0069406477485423,0.1839973800698724,1.3414113652137272,0.064158436334321,-1.1965450023554156,0.34368682962631236,0.16869754437286572,1.0072143574395453,0.5839973802963876,1.241669819950188,-0.009087558436200682,-1.003813590691081,0.24122443438793753,0.023684560097126894,0.023162780994890584,0.03294798880486961,0.03750729551422164,0.007700935175344999,0.013764912508527061,0.012145086761670214,0.023684560100771225,0.022517205958423755,0.03294798880790492,0.040978962579743594,0.007684506972513331,0.013384582783364313,0.012982836114429559,0.023684560094215632,0.02295293282546152,0.03294798880413897,0.0333987986024053,0.0077059323104408176,0.014167776368508786,0.010946792770531224
-0.0367348135080922,0.9884341472154324,0.3881001998376328,1.2890143983633324,0.02697244492774281,-1.102936555657705,0.2800558945211426,-0.2367348143862055,0.989127060597691,0.18810019952886434,1.3326914644525667,0.06397181074467323,-1.196674966232444,0.34611801719590624,0.1632651862766159,0.9885603652918311,0.5881001997543519,1.237448599968145,-0.009270325070085905,-1.0044341902697251,0.2396177698946961,0.023693621845025613,0.022821229679269295,0.03302252645563756,0.0375718175647262,0.0077319690366107075,0.013693569718576068,0.012087522730858731,0.023693621855379283,0.022128625295076018,0.03302252646075018,0.04092714710973951,0.007714007327173971,0.013313685968259641,0.012877974654519436,0.02369362184756412,0.022702393144106582,0.03302252645701651,0.03352461503503493,0.007738482482405583,0.01409603920922414,0.010914882642914866
-0.049008538414087664,0.9791142966252051,0.3838399312058128,1.290345280500612,0.028873363413205066,-1.1144893498547712,0.2834483259684497,-0.24900853869972467,0.9804730173551123,0.18383993113109057,1.332467139747352,0.06584958359064164,-1.2074863776186027,0.35200559529583,0.15099146106576145,0.979200554765055,0.5838399310108672,1.2393147035400516,-0.007382846757769068,-1.0167827477643725,0.2399199365158606,0.023717007330577324,0.022621777054070456,0.03310028556919519,0.037823518320995494,0.007750678221573135,0.013657003829354215,0.012112024999845733,0.023717007333941907,0.02187703821769583,0.03310028557043073,0.041084272260327306,0.007731118944432151,0.013276520740459125,0.012836228499544886,0.023717007336704444,0.02258492027303235,0.033100285572418384,0.03380342880036941,0.007758760547309935,0.014060381785258449,0.010969666488660278
-0.035731540539526443,0.9736454604295778,0.3962355536791417,1.2898320856697074,0.027177327122824335,-1.1006006133030497,0.28277335609998355,-0.23573154068650956,0.9754033194894438,0.19623555366101245,1.3310697749668567,0.0641239245684293,-1.1939632925780377,0.35208213396285815,0.16426845908134377,0.9736922031336723,0.5962355535416641,1.2392694594041782,-0.009084736906113333,-1.0024177529816019,0.2383356508958156,0.023754237154113914,0.022545727692073938,0.033185144983591035,0.03796508912367366,0.007787813840676758,0.013569187752765064,0.011978759831469002,0.023754237155833746,0.021785130042552264,0.03318514498388957,0.04118741278145282,0.007766720476131604,0.013190554366364158,0.012672306367023432,0.02375423715855259,0.02253841939820275,0.03318514498585146,0.033956335168087604,0.007797436513341501,0.013970288524191693,0.010863457516532912
-0.043768060748890135,0.9686412346760573,0.3923699828671189,1.2967465685674546,0.028767086132362285,-1.1120513519996194,0.28745606502325893,-0.24376806078635604,0.970870404385009,0.19236998289456098,1.3373184966266138,0.0656839898563536,-1.2047198827835242,0.35893035363889025,0.15623193897926424,0.9685159409538147,0.5923699827742093,1.245665204153716,-0.0075026276263979175,-1.014630460183543,0.23996320131040708,0.023772499732182154,0.022422753877681507,0.03326009970946027,0.038327467984852155,0.00780673470470365,0.013515388481652171,0.011975495811883221,0.02377249973261813,0.021617380195036638,0.033260099709010824,0.041481394171592675,0.0077841504652480815,0.013136285748040526,0.012600646158963712,0.02377249973535813,0.022481485213325318,0.03326009971098519,0.034317272035235595,0.00781785024974226,0.013917309442512531,0.01089941333219806
-0.06796166185959673,0.949602748604575,0.3836713727749633,1.2917349729499938,0.03077986521341136,-1.1198328519609608,0.2911123038935711,-0.267961661806141,0.953482921143612,0.18367137284012752,1.3293358462523661,0.0676672398400826,-1.2119276648633983,0.3644776057169207,0.13203833795386527,0.9489531997177032,0.5836713727183189,1.2426377487723064,-0.00549660372605304,-1.0230246725222638,0.2408773172322547,0.02376622170607986,0.02200555040054476,0.03331553983271789,0.038443752666355475,0.00782167664821769,0.013491615467622465,0.011987051076932865,0.02376622170545305,0.021154275194910522,0.0333155398316508,0.04143667065089435,0.007797616536127419,0.013112273294477426,0.012551831852303408,0.023766221708260146,0.0221657518647771,0.0333155398336467,0.0345141397843356,0.007834280160215274,0.013893992923075632,0.010947327198024761
-0.07760201876673935,0.9335626721753243,0.38534586550346495,1.2924988015710972,0.03240037927893541,-1.1383621363406455,0.29557021900620883,-0.27760201863734435,0.9389316013073034,0.18534586559931165,1.3286872842150574,0.06923734897981138,-1.2293759111313296,0.3712600064642373,0.12239798111927781,0.9322838883958552,0.5853458654768633,1.2440184792205393,-0.0038624698777597888,-1.0427470286766956,0.24180359372081175,0.0238180778110122,0.021692687268135762,0.03343094547018853,0.03867594147775998,0.007842815130412498,0.01345154359838902,0.012002811837007835,0.02381807780949626,0.020816732372884093,0.03343094546862216,0.04158464185214376,0.0078171285751966,0.013070345703257184,0.012494695236465446,0.02381807781234336,0.021922457891065103,0.03343094547062419,0.034775467542408726,0.007857027042578176,0.013856263546567705,0.01100793270522373
-0.045876565837062164,0.9943744741133669,0.3912948777516679,1.2947356297851345,0.03181620479967173,-1.130223624684658,0.29751718459537696,-0.24587656606673233,0.9948357336698224,0.19129487756519992,1.3300619465891261,0.06860845103849544,-1.2214234355506577,0.37396201793815664,0.15412343411112236,0.9942793908573693,0.5912948777507503,1.2464323961214763,-0.004437093769051603,-1.0343563956534398,0.24240159468826114,0.02384992223699252,0.02269740139033111,0.033514614866598916,0.038890532960917455,0.00787199020461184,0.013373138330066507,0.011891413046376031,0.02384992223963818,0.021748490468908196,0.033514614542292,0.04175126835965366,0.00784479600318714,0.012993851186479076,0.012347520841333377,0.023849922237589288,0.022890537109733065,0.03351461474692696,0.035002728919371194,0.007887732823759092,0.013775689354759897,0.010931989371861878
-0.033712753054720546,0.9944705879085199,0.3998403762129919,1.3032697151598438,0.030945725379310063,-1.125269270628237,0.3001673927104419,-0.23371275343216855,0.9949335725208218,0.19984037590635267,1.3388198771167006,0.06768941261197814,-1.2165118129833612,0.3772946779705902,0.16628724675485104,0.9943638710577057,0.5998403760902395,1.253884790728952,-0.005294025320162266,-1.0293216704225145,0.24359855087467358,0.023889925070311423,0.02269757721332337,0.03360973024653448,0.03924057757944589,0.00790235019652493,0.01328156637955576,0.011768902575221939,0.02388992507463423,0.0217280703667671,0.03360973001086024,0.042094559886320916,0.007873644440239547,0.012903387114056752,0.0121861442706253,0.0238899250724986,0.0229176449210014,0.03360973029074049,0.03532196215224459,0.007919636099609832,0.01368290763673015,0.010849096825378027
-0.02209856532475844,1.0238835785743978,0.400612346115431,1.3073398920961885,0.03144643605095504,-1.1258398303275043,0.30355641783610127,-0.22209856532911562,1.021835160741853,0.2006123460686976,1.3419169267943547,0.06814669079634861,-1.2168914673345577,0.38167939498616454,0.17790143435680578,1.0243538327003092,0.6006123458858637,1.2579749684377917,-0.0047842049488615035,-1.0301001098055207,0.2450754913991843,0.02393345277536047,0.023259219383916303,0.03368857139281556,0.03951813266801936,0.007923456216627689,0.013228657671872193,0.011705293271858343,0.0239334527753945,0.022232537267380493,0.03368857097483876,0.0423028487232692,0.007893337912733745,0.012851113907497434,0.01207904830516148,0.023933452779003984,0.023477907741719192,0.033688571596696464,0.03561216515229533,0.007942192060876057,0.013629425714116176,0.010826137661438863
-0.03229640780596862,1.0218295075042645,0.3959418798573429,1.3017681252769149,0.03285317749709177,-1.1325933829732213,0.3074684913230621,-0.2322964077032738,1.0198675288991643,0.19594187987793463,1.333522609153047,0.06951509076047568,-1.223136022538566,0.38684692283589206,0.16770359197908113,1.0223799718110238,0.5959418796961206,1.2544606625897032,-0.003375330315477487,-1.0374180654401803,0.24659003709468097,0.02394655685890047,0.023202521600310718,0.03375611739853085,0.03962154023080023,0.007939469708817528,0.013197827801054735,0.011680751518330564,0.02394655685770799,0.022128013307567525,0.03375611687199655,0.04224809613236314,0.007907937742528745,0.01282006709813568,0.012003505553254907,0.02394655686135582,0.023485815786805083,0.033756117507921575,0.03580116632593028,0.007959674062447172,0.01359902985519289,0.010845412354140428
-0.034476385788552055,1.0141827491464677,0.3985443104074068,1.3039620717498168,0.033883666028102666,-1.1431670119991875,0.3123827224153504,-0.23447638559712058,1.0128692775257808,0.19854431048158067,1.3346033190487754,0.07048021736616328,-1.2330545022550614,0.392960624084713,0.1655236140830515,1.014605274621894,0.5985443103026771,1.25701836234078,-0.002312754169163711,-1.048734226291541,0.248932531359876,0.024002435107686428,0.023043806491412605,0.033866926339169844,0.03986008514694071,0.007959647931982037,0.013153063238970744,0.011645572327688473,0.02400243510547363,0.021945776935567103,0.03386692574953406,0.04241575229685649,0.0079265660488042,0.012774754084533393,0.011914126550443518,0.02400243510914838,0.023380117187994737,0.03386692635678096,0.03606278129107308,0.007981423425572188,0.013555114273543752,0.01086110924633931
-0.037978214893522023,1.0063455681247737,0.39970651159077064,1.3051605651915619,0.03482263489326254,-1.1525656611534945,0.31738920876389315,-0.2379782146283638,1.0057406297276519,0.19970651171950635,1.3344525434322554,0.07135463869976544,-1.2418636554532578,0.3989644322951869,0.1620217850494634,1.0065639236332249,0.599706511532605,1.2588174389156666,-0.0013421683493671233,-1.0588033514461457,0.2515474083834987,0.02404812236934333,0.022873804075094196,0.03396664041313548,0.04008362146055583,0.0079788884771542,0.013108229529695214,0.011603001487889997,0.024048122366281604,0.021753765638885883,0.033966640411053954,0.04254850703380138,0.007944336044501024,0.012729626023548043,0.011820949966568026,0.024048122369985932,0.023262245226652038,0.03396664041407064,0.03631313993000787,0.008002177361050349,0.013510848965426595,0.010870369003835706
-0.02561945521052439,1.0201257997032855,0.405532471685878,1.311043756099092,0.03501328545778737,-1.1535142192080237,0.3214877002195905,-0.22561945488871485,1.0181717279177032,0.2055324718533603,1.3397794195319097,0.07147503110751763,-1.2425978861453952,0.4035197936723887,0.17438054479137977,1.0208510024747715,0.6055324716662764,1.264365839241828,-0.0011154519343339886,-1.059987420275883,0.25407220804811376,0.024111990801058403,0.023127674572901078,0.034082194175291035,0.04040377442172377,0.008002303863929833,0.013045825062166757,0.011513189377924903,0.02411199079735705,0.021968364546960363,0.0340821941725916,0.04282334047873033,0.007966319643535993,0.012667670784100903,0.011695178421613711,0.02411199080102465,0.02353494668196241,0.034082194175603334,0.03662924148671022,0.008027080331822848,0.013448049436562071,0.010825215330410764
-0.031226767637948044,1.0135402339520496,0.4040282695792195,1.316308674734011,0.035697512286067656,-1.1577891753545764,0.32644015794846354,-0.23122676761491984,1.0121892500295373,0.20402826945375227,1.3440370563799546,0.0720961086571118,-1.2464755259752802,0.40881671802068925,0.1687732324119906,1.0140897064327288,0.6040282695911967,1.269608460563854,-3.988091889670087e-4,-1.0646733272105635,0.2573378025136151,0.024140234775287844,0.022964278138581238,0.034157018880749714,0.0406907819760155,0.008019739880987817,0.012998731724099127,0.011445831642999216,0.02414023477496735,0.021782869955461547,0.03415701888275004,0.04303328387651448,0.007982405831197236,0.012620608988802684,0.011588056687432046,0.024140234774703773,0.023422211212980045,0.03415701888055486,0.03693247319007152,0.008045932825556615,0.013401028408910724,0.01080661976788617
-0.037496617731827886,0.9949653135730686,0.40807286158465056,1.3110647010226597,0.035113210820425955,-1.1503157053879325,0.327923046074678,-0.23749661775896072,0.9954799289247029,0.20807286137635134,1.3368868248862866,0.07144265410636697,-1.2391189233937676,0.4104743103982941,0.16250338219618835,0.9947347267884146,0.6080728614728496,1.2660259700990264,-9.454024337360867e-4,-1.0570162743132576,0.25795088751104467,0.024161058373656716,0.022577355657726228,0.034241413952840846,0.04072913994751361,0.008043149179550799,0.012945406332352928,0.011337194502321572,0.024161058373887056,0.021394650156970153,0.03424141395616629,0.042965689011746536,0.008004478518370568,0.012568095263439582,0.011461691219792668,0.02416105837445246,0.02308963096730233,0.03424141395462563,0.03703948574577651,0.008070747905234456,0.013346676402388584,0.010727002079282457
-0.03384534812855407,0.9871222208774056,0.4150372765050324,1.3070806355103048,0.03406155961526958,-1.1425692760820756,0.3287102209387883,-0.2338453488530761,0.9884544785539441,0.21503727584577995,1.3314683213701912,0.0703264721676844,-1.2314924918575139,0.4115238840019233,0.16615465171895516,0.9865002278170409,0.6150372762988064,1.2632821661040028,-0.0019618181462221496,-1.0490897801141743,0.2578589699818089,0.024209418339582102,0.02245301319366278,0.03433074533455272,0.040805766342889474,0.008067021507069528,0.012894422643135405,0.011229303261087188,0.02420941834767683,0.021265775832557808,0.03433074534504965,0.04296487653358835,0.008027061943174606,0.01251778976743912,0.01133853062842638,0.0242094183412887,0.022991371829883176,0.03433074533783163,0.03716187484520693,0.00809600014587351,0.013294811611371386,0.010644960009378788
-0.03636629592175594,0.9793324410021629,0.4177206794564381,1.3106033911090074,0.0349791225030891,-1.153931507564453,0.33455023742705065,-0.23636629595695108,0.9815090545735822,0.21772067931185599,1.3340673285643405,0.0711606580158275,-1.2421427227225443,0.4177542863726393,0.16363370356272777,0.9782571628500916,0.6177206789972055,1.266983719257303,-9.907725646044474e-4,-1.0612463623120219,0.26173425397290606,0.02427394261991871,0.02229110568113685,0.03444663132571285,0.04106583661259056,0.00808423880774429,0.01285617501125014,0.01117963979710615,0.024273942620222557,0.021094537306925357,0.034446631328058516,0.04316124212863758,0.008042860389369648,0.012478711029564818,0.01124686021023581,0.02427394262574243,0.02286706583743825,0.034446631332972585,0.037438521543030394,0.00811469361883905,0.013257658275372208,0.010648739774861407
-0.01775324624228331,0.9980542406744991,0.4252218833214531,1.323174508847782,0.03525464741121476,-1.1620324273032674,0.34033422612556535,-0.21775324612408894,0.9982613241155529,0.2252218832988801,1.3468245725741241,0.07135495521997148,-1.249687223223421,0.4235644374557097,0.18224675340080568,0.9979527273416655,0.6252218829841183,1.2781127575272913,-6.659574029242443e-4,-1.0699411674864119,0.2660303953773177,0.02436751822981489,0.022702957373260124,0.03458219156391173,0.04153893981327479,0.008104988849451178,0.012792725125463516,0.011090283588591243,0.02436751822839195,0.02146182683781093,0.0345821915644261,0.043630118561978744,0.008062146047538825,0.012414828115077867,0.011122495986084195,0.02436751823381996,0.02328799312417635,0.03458219156920078,0.03786470349607303,0.008136965272351788,0.013194803336850455,0.010610186720105021
-0.02338405432212611,0.9898134276179581,0.4256165714811428,1.320620624360661,0.0363078517065718,-1.1701285169850604,0.34541931246895086,-0.22338405476318393,0.9909202157470292,0.22561657124603648,1.3423623844500985,0.07234110316337927,-1.2572222376196471,0.4288117228032835,0.17661594544581136,0.9892392604711923,0.6256165712439142,1.2769390836156704,4.227077887036246e-4,-1.0786450759335728,0.2695671048778639,0.02441405315083893,0.022533094216877502,0.03468413242583603,0.04169939478875851,0.008119996150274249,0.01276113103316874,0.011034210114044412,0.024414053155677583,0.021278969269809267,0.03468413242978277,0.04367273846736136,0.008075707435789548,0.012382814457839914,0.011033915775939521,0.02441405315343253,0.02316093879923671,0.03468413242954414,0.038092380159335845,0.008153509390526897,0.013163762731411876,0.01060118892234966
-0.032199721112490316,0.9757449379186467,0.4270304581034865,1.3132538209376339,0.03702872659899037,-1.1761894482183504,0.35003880727500936,-0.23219972134949335,0.978437463749588,0.2270304577804174,1.3327518884907563,0.07297573941133151,-1.2628121927883238,0.43349709130236,0.16780027843612946,0.9742528223028288,0.627030457803131,1.2717364799912687,0.001197937129460258,-1.0852144060032947,0.27286874871147526,0.0244490119286612,0.022209533027829974,0.03479345611843481,0.04171804245926993,0.008137008924242337,0.012726178416718078,0.01096774762331945,0.024449011931194822,0.020953621575743726,0.03479345612389351,0.04355410749644777,0.008091368362299536,0.012347622269200217,0.010939921172422136,0.02444901193371785,0.022884823337508763,0.03479345612306187,0.03820769763833641,0.008171957018773624,0.013129140152641036,0.010578125792973379
-0.025339921039105002,0.9866981023791043,0.4282706143024539,1.3133800391565567,0.03737914730266889,-1.1765809826816147,0.3542650226101066,-0.22533992091096805,0.9881957302289076,0.22827061431153275,1.3315479111575057,0.07324386579429731,-1.263064722167671,0.4376545248348627,0.1746600785057741,0.9858562575453462,0.6282706139282942,1.272675489513656,0.00160299511543327,-1.0857559901552698,0.2762072260536119,0.024506918969064442,0.022402768362958375,0.03488703578434627,0.04188693072932129,0.008153147015529008,0.012684948142763034,0.010883193818978188,0.024506918967523453,0.02111135374843846,0.03488703578492831,0.04363363472058628,0.008106253584088147,0.012307189973669403,0.010837273416197753,0.024506918974147154,0.0231020136764581,0.03488703579001573,0.038421146581676724,0.008189444945260622,0.01308710055522915,0.010529128949359385
-0.02882388835974841,0.9767123467948365,0.43258333090094186,1.3070030769561403,0.03793782177446725,-1.1867507346134616,0.35954453593235863,-0.22882388807391127,0.9793820102715326,0.23258333102523826,1.3231469313239248,0.073712427402566,-1.2725628189631024,0.44287718885903427,0.1711761113383501,0.9751409796726173,0.6325833306407637,1.268248316721463,0.0022170180571725595,-1.0966962698922316,0.28023238169886067,0.0245580707954382,0.022207305056595968,0.03501890074237868,0.04195344458426961,0.00817117843059551,0.012644273858467326,0.010812548122653112,0.024558070792113414,0.02090921765699317,0.03501890074187653,0.04356856750858375,0.008122995994209521,0.012265505202872628,0.01073859391188754,0.024558070798794043,0.02294542407974495,0.035018900746306036,0.038577776680501726,0.008208872121968403,0.013047653592216468,0.010505636414531134
-0.025490461826213517,0.9712103721122272,0.4379089428044045,1.3095034921028967,0.03772241928570874,-1.1853682489490238,0.36294215895583337,-0.22549046140905724,0.9745406909063044,0.23790894302496685,1.3247889249263658,0.07340653346822512,-1.271066063264648,0.44601551466356026,0.1745095380021664,0.9691981497440343,0.637908942640027,1.27104462193881,0.002064502829209891,-1.0954224150866074,0.28313024050016256,0.024620741967760897,0.022097539759034,0.03513345974466035,0.04218417292528416,0.008189945878582783,0.012596448331377724,0.010712494898394025,0.02462074196296546,0.020797267888691764,0.03513345974371412,0.04374114579200353,0.008140505551126763,0.01221807684637853,0.010626455747230722,0.02462074196964788,0.022857616919016503,0.03513345974730072,0.03882731192844643,0.008229002894311666,0.012999377002802072,0.010434923329332109
-0.03859762836328519,0.958737612388571,0.43488982104601015,1.3053329257030981,0.03917213193383573,-1.1910912506775662,0.3687418189972597,-0.23859762931998846,0.9636081630414877,0.23488982097947947,1.3185176631641007,0.07476356490577829,-1.2763839960072334,0.4513944762594853,0.16140237157308082,0.9556344850851335,0.6348898209609458,1.26869294624588,0.0035753359934006523,-1.1015858634901707,0.2882774027904114,0.0246416321654685,0.02177096681509807,0.03523339319157715,0.04226554777591928,0.008201750455554586,0.01256504522729316,0.01064278428986517,0.024641632175895926,0.02047156769565478,0.035233393195681174,0.04367188851106188,0.008151042514380022,0.012186864984603588,0.010536802478877793,0.024641632166136698,0.02257345466152657,0.0352333931933658,0.039009695946226976,0.008242176887773515,0.012967896145390241,0.01040502953208151
-0.053685067003684174,0.948004838421886,0.4294885775082193,1.3008882166166726,0.040342096015625994,-1.1969477257304177,0.3743889642618826,-0.25368507016577396,0.9542570750088385,0.22948857739486597,1.3119922284624614,0.07584388664885777,-1.2818007045464404,0.45654599553874214,0.14631493232289,0.9438331351372037,0.629488577317027,1.2661101341037868,0.0048060847438559096,-1.10789811305764,0.2933770049125937,0.02464658486769766,0.021457146427035983,0.03530588406685464,0.04230680719980363,0.008212461649125861,0.012536245738484077,0.01057436393933259,0.024646584902549232,0.020159960949030158,0.035305884072293944,0.04355716470833362,0.00816062022314266,0.012158195725199477,0.010449775374802133,0.024646584875141434,0.022296453607438507,0.03530588407016585,0.03915996314992468,0.008254134397582562,0.012939049990225675,0.010374418647422872
-0.0636766206130859,0.9358102609212182,0.4292696917010677,1.2936535160410771,0.04102985545737203,-1.2003969682528421,0.3788148804858374,-0.26367662155843136,0.9436305029915265,0.22926969189410523,1.3028601906957893,0.07643590262908895,-1.284926536827528,0.46059188497645354,0.1363233773852955,0.9303964975042865,0.6292696914339981,1.2609293879226786,0.00555961044027431,-1.1116739616032747,0.29732104362409045,0.02467452334436437,0.021157307319785115,0.03540821378364861,0.04229970343437334,0.008226159982086286,0.01250471884201112,0.010496796432147775,0.02467452335459884,0.019870489077402183,0.03540821378646982,0.0434074393561535,0.008173171314154888,0.012126776815071232,0.010358833402463219,0.02467452336653087,0.02202215604627795,0.03540821378800649,0.03926369761193316,0.008269098368900024,0.012907405748869269,0.010327321677115532
-0.05187898815342379,0.9420226738241335,0.43312300489362254,1.3069353946314595,0.0403229294144859,-1.189239853347462,0.38100548323536254,-0.25187898543125276,0.9491438335736796,0.23312300519081022,1.3157625920999028,0.07563514012661299,-1.2741561314113548,0.4621934419143012,0.14812101030403496,0.9370569363305757,0.6331230047299752,1.2731292899414497,0.004920120058633848,-1.1000042627868063,0.2998962955763317,0.024726698014569327,0.021271108307985898,0.03550458420481334,0.04275574503624225,0.008243698971733557,0.012435655266034806,0.010357341360678913,0.02472702572746286,0.01996203702763021,0.03550458420904269,0.043833063789524916,0.008189626723355267,0.012059412359201407,0.010223707677356399,0.02472669773321327,0.022154760642206405,0.03550458420846199,0.039689146491629794,0.008287846547629135,0.01283639583942221,0.010196554989226026
-0.05334468572896425,0.9438495316442013,0.4316188261222991,1.3109693816556225,0.041290276674201376,-1.1935525317030735,0.3864545492389318,-0.25334468597944687,0.9508421466789989,0.23161882650922214,1.3184502205218567,0.07651242504032751,-1.2781563800285787,0.467043867511073,0.14665531309094437,0.9388675288354266,0.6316188260451809,1.277696245791833,0.005949590422331896,-1.1046474241032243,0.30518966122670066,0.02476588539417532,0.021249319308406928,0.035600995273991916,0.04302082259432582,0.008254815060259343,0.012394745447301072,0.010270913796194162,0.024765876887902973,0.019922104263718324,0.035600995280146076,0.04399631830118846,0.008199455157837805,0.012018839118386965,0.010125850601670981,0.024765884345303635,0.02216197172312629,0.03560099527755617,0.04000065110132301,0.008300365276982634,0.012795185334482399,0.010139427650791583
-0.052480463952757433,0.9466750918480251,0.43097353540075184,1.3147564569321695,0.04163186431618782,-1.1889352813534588,0.38957040473825444,-0.2524804647022535,0.95339192204778,0.23097353549053443,1.3210003292439825,0.07675727057592585,-1.2736389357315203,0.46969628317430034,0.1475195351824178,0.9418190698123166,0.6309735353970686,1.2820047856475383,0.0063617889361538005,-1.0998864224786484,0.3084132158696944,0.024810248014763798,0.021285745610161885,0.03568970264152717,0.043243495658457115,0.008267113955113887,0.012356405107049216,0.010175038047056367,0.024810240666289424,0.01993900383748118,0.03568970265453549,0.044124420354763355,0.008210718377210307,0.011981517388108369,0.010028449892540666,0.02481024636924226,0.022222946013698026,0.03568970264564948,0.04027041782590587,0.008313818104526602,0.012755697525440228,0.010058199433955476
-0.057356850904745606,0.935704941161643,0.43406372300208723,1.3108475303942697,0.04171050842466473,-1.192949419727609,0.3938104103781324,-0.2573568532951737,0.943853709426691,0.23406372267051068,1.3158511204201317,0.07672432571608412,-1.2772921383321507,0.4734696871733273,0.14264314809263298,0.9296647625011834,0.6340637228850903,1.2794516978891477,0.006526708390007019,-1.1042901291885792,0.31245821209241753,0.024857274870322757,0.021015201406429398,0.03580607096058664,0.04328393777108775,0.008281667162885847,0.012320604948569479,0.01009285386409378,0.024857268695503965,0.01968614968946905,0.03580607098173632,0.0440711411171561,0.008224162880908959,0.01194557125574691,0.009936522825979063,0.024857273656135156,0.02196472017580254,0.035806070966821056,0.0403863279820304,0.008329587354966162,0.012720081033345638,0.010000984456652918
