b,g,e,iter,time.taken
-0.5,-0.5,-0.5,1,454051
-0.5,-0.5,-0.5,10,395787
-0.5,-0.5,-0.5,11,219208
-0.5,-0.5,-0.5,12,440724
-0.5,-0.5,-0.5,13,382335
-0.5,-0.5,-0.5,14,131775
-0.5,-0.5,-0.5,15,311068
-0.5,-0.5,-0.5,16,315436
-0.5,-0.5,-0.5,17,452508
-0.5,-0.5,-0.5,18,453559
-0.5,-0.5,-0.5,19,174108
-0.5,-0.5,-0.5,2,414587
-0.5,-0.5,-0.5,20,443760
-0.5,-0.5,-0.5,3,393588
-0.5,-0.5,-0.5,4,370757
-0.5,-0.5,-0.5,5,317803
-0.5,-0.5,-0.5,6,407971
-0.5,-0.5,-0.5,7,313340
-0.5,-0.5,-0.5,8,362920
-0.5,-0.5,-0.5,9,473115
-0.5,-0.5,0,1,259790
-0.5,-0.5,0,10,376801
-0.5,-0.5,0,11,190362
-0.5,-0.5,0,12,431909
-0.5,-0.5,0,13,354306
-0.5,-0.5,0,14,399359
-0.5,-0.5,0,15,395097
-0.5,-0.5,0,16,439502
-0.5,-0.5,0,17,707696
-0.5,-0.5,0,18,368515
-0.5,-0.5,0,19,400773
-0.5,-0.5,0,2,328473
-0.5,-0.5,0,20,329303
-0.5,-0.5,0,3,305261
-0.5,-0.5,0,4,407365
-0.5,-0.5,0,5,345867
-0.5,-0.5,0,6,403258
-0.5,-0.5,0,7,360440
-0.5,-0.5,0,8,442837
-0.5,-0.5,0,9,114402
-0.5,-0.5,0.5,1,315857
-0.5,-0.5,0.5,10,343021
-0.5,-0.5,0.5,11,238674
-0.5,-0.5,0.5,2,289700
-0.5,-0.5,0.5,3,2015270
-0.5,-0.5,0.5,4,365152
-0.5,-0.5,0.5,5,323786
-0.5,-0.5,0.5,6,155785
-0.5,-0.5,0.5,7,286392
-0.5,-0.5,0.5,8,371452
-0.5,-0.5,0.5,9,110269
-0.5,-1,-0.5,1,387852
-0.5,-1,-0.5,10,312072
-0.5,-1,-0.5,11,172802
-0.5,-1,-0.5,12,453830
-0.5,-1,-0.5,13,380169
-0.5,-1,-0.5,14,360135
-0.5,-1,-0.5,15,427350
-0.5,-1,-0.5,16,677296
-0.5,-1,-0.5,17,420711
-0.5,-1,-0.5,18,860830
-0.5,-1,-0.5,2,324601
-0.5,-1,-0.5,3,312683
-0.5,-1,-0.5,4,419593
-0.5,-1,-0.5,5,434629
-0.5,-1,-0.5,6,374802
-0.5,-1,-0.5,7,360132
-0.5,-1,-0.5,8,126357
-0.5,-1,-0.5,9,451451
-0.5,-1,0,1,324010
-0.5,-1,0,10,194853
-0.5,-1,0,11,317675
-0.5,-1,0,12,151436
-0.5,-1,0,13,637960
-0.5,-1,0,14,429019
-0.5,-1,0,15,347321
-0.5,-1,0,16,357053
-0.5,-1,0,2,397809
-0.5,-1,0,3,308081
-0.5,-1,0,4,301768
-0.5,-1,0,5,391490
-0.5,-1,0,6,403018
-0.5,-1,0,7,387997
-0.5,-1,0,8,236919
-0.5,-1,0,9,406522
-0.5,-1,0.5,1,403123
-0.5,-1,0.5,10,181401
-0.5,-1,0.5,11,367368
-0.5,-1,0.5,2,367599
-0.5,-1,0.5,3,350857
-0.5,-1,0.5,4,275196
-0.5,-1,0.5,5,363042
-0.5,-1,0.5,6,319033
-0.5,-1,0.5,7,304244
-0.5,-1,0.5,8,115641
-0.5,-1,0.5,9,443286
-0.5,-1.5,-0.5,1,1046015
-0.5,-1.5,-0.5,10,658101
-0.5,-1.5,-0.5,11,219596
-0.5,-1.5,-0.5,2,425362
-0.5,-1.5,-0.5,3,395067
-0.5,-1.5,-0.5,4,400894
-0.5,-1.5,-0.5,5,436024
-0.5,-1.5,-0.5,6,347068
-0.5,-1.5,-0.5,7,243151
-0.5,-1.5,-0.5,8,457453
-0.5,-1.5,-0.5,9,436672
-0.5,-1.5,0,1,312560
-0.5,-1.5,0,10,410935
-0.5,-1.5,0,11,343309
-0.5,-1.5,0,12,177760
-0.5,-1.5,0,13,396527
-0.5,-1.5,0,14,222406
-0.5,-1.5,0,15,112504
-0.5,-1.5,0,16,310114
-0.5,-1.5,0,17,307234
-0.5,-1.5,0,18,414432
-0.5,-1.5,0,19,363440
-0.5,-1.5,0,2,374036
-0.5,-1.5,0,3,391454
-0.5,-1.5,0,4,359839
-0.5,-1.5,0,5,329207
-0.5,-1.5,0,6,170590
-0.5,-1.5,0,7,336457
-0.5,-1.5,0,8,310721
-0.5,-1.5,0,9,326529
-0.5,-1.5,0.5,1,242069
-0.5,-1.5,0.5,10,270969
-0.5,-1.5,0.5,11,282861
-0.5,-1.5,0.5,12,342685
-0.5,-1.5,0.5,13,313320
-0.5,-1.5,0.5,14,344866
-0.5,-1.5,0.5,15,355204
-0.5,-1.5,0.5,16,174904
-0.5,-1.5,0.5,2,349078
-0.5,-1.5,0.5,3,386502
-0.5,-1.5,0.5,4,107881
-0.5,-1.5,0.5,5,397000
-0.5,-1.5,0.5,6,381263
-0.5,-1.5,0.5,7,377140
-0.5,-1.5,0.5,8,323988
-0.5,-1.5,0.5,9,320707
-0.5,-2,-0.5,1,464983
-0.5,-2,-0.5,10,337450
-0.5,-2,-0.5,11,137175
-0.5,-2,-0.5,12,341974
-0.5,-2,-0.5,13,373190
-0.5,-2,-0.5,14,343795
-0.5,-2,-0.5,15,441315
-0.5,-2,-0.5,16,151845
-0.5,-2,-0.5,17,448527
-0.5,-2,-0.5,2,298325
-0.5,-2,-0.5,3,382632
-0.5,-2,-0.5,4,711784
-0.5,-2,-0.5,5,442675
-0.5,-2,-0.5,6,344432
-0.5,-2,-0.5,7,196281
-0.5,-2,-0.5,8,377996
-0.5,-2,-0.5,9,446375
-0.5,-2,0,1,243399
-0.5,-2,0,10,352976
-0.5,-2,0,11,165676
-0.5,-2,0,12,395071
-0.5,-2,0,13,324501
-0.5,-2,0,14,513952
-0.5,-2,0,2,266291
-0.5,-2,0,3,408917
-0.5,-2,0,4,391700
-0.5,-2,0,5,350981
-0.5,-2,0,6,403147
-0.5,-2,0,7,361373
-0.5,-2,0,8,141699
-0.5,-2,0,9,347732
-0.5,-2,0.5,1,324090
-0.5,-2,0.5,10,290630
-0.5,-2,0.5,11,398817
-0.5,-2,0.5,2,623075
-0.5,-2,0.5,3,259214
-0.5,-2,0.5,4,636588
-0.5,-2,0.5,5,410297
-0.5,-2,0.5,6,329716
-0.5,-2,0.5,7,146605
-0.5,-2,0.5,8,333863
-0.5,-2,0.5,9,107889
-0.5,0,-0.5,1,918015
-0.5,0,-0.5,10,179033
-0.5,0,-0.5,11,297357
-0.5,0,-0.5,12,313958
-0.5,0,-0.5,13,448044
-0.5,0,-0.5,14,455741
-0.5,0,-0.5,15,418598
-0.5,0,-0.5,16,437273
-0.5,0,-0.5,17,355030
-0.5,0,-0.5,18,397808
-0.5,0,-0.5,19,334997
-0.5,0,-0.5,2,420212
-0.5,0,-0.5,3,447315
-0.5,0,-0.5,4,440624
-0.5,0,-0.5,5,165715
-0.5,0,-0.5,6,456153
-0.5,0,-0.5,7,122075
-0.5,0,-0.5,8,408417
-0.5,0,-0.5,9,451125
-0.5,0,0,1,293390
-0.5,0,0,10,346847
-0.5,0,0,11,351951
-0.5,0,0,12,363410
-0.5,0,0,13,208276
-0.5,0,0,2,438854
-0.5,0,0,3,354191
-0.5,0,0,4,423333
-0.5,0,0,5,456890
-0.5,0,0,6,383772
-0.5,0,0,7,2007673
-0.5,0,0,8,121808
-0.5,0,0,9,376172
-0.5,0,0.5,1,301014
-0.5,0,0.5,10,95215
-0.5,0,0.5,11,97193
-0.5,0,0.5,12,281339
-0.5,0,0.5,13,103733
-0.5,0,0.5,14,94660
-0.5,0,0.5,15,104090
-0.5,0,0.5,16,106432
-0.5,0,0.5,17,95692
-0.5,0,0.5,18,99935
-0.5,0,0.5,19,98773
-0.5,0,0.5,2,94213
-0.5,0,0.5,20,104551
-0.5,0,0.5,21,101235
-0.5,0,0.5,22,105048
-0.5,0,0.5,23,303601
-0.5,0,0.5,24,94976
-0.5,0,0.5,25,100045
-0.5,0,0.5,26,98311
-0.5,0,0.5,27,100237
-0.5,0,0.5,28,207657
-0.5,0,0.5,29,335511
-0.5,0,0.5,3,101774
-0.5,0,0.5,30,246215
-0.5,0,0.5,31,280168
-0.5,0,0.5,32,320904
-0.5,0,0.5,33,247217
-0.5,0,0.5,34,319507
-0.5,0,0.5,35,180841
-0.5,0,0.5,36,319174
-0.5,0,0.5,37,282803
-0.5,0,0.5,38,101055
-0.5,0,0.5,39,296304
-0.5,0,0.5,4,104389
-0.5,0,0.5,40,288036
-0.5,0,0.5,41,177762
-0.5,0,0.5,42,94812
-0.5,0,0.5,43,107077
-0.5,0,0.5,5,97789
-0.5,0,0.5,6,98858
-0.5,0,0.5,7,95051
-0.5,0,0.5,8,92884
-0.5,0,0.5,9,103028
-0.5,0.5,-0.5,1,830792
-0.5,0.5,-0.5,10,125937
-0.5,0.5,-0.5,11,439625
-0.5,0.5,-0.5,12,133303
-0.5,0.5,-0.5,13,457688
-0.5,0.5,-0.5,14,334021
-0.5,0.5,-0.5,15,392122
-0.5,0.5,-0.5,16,170629
-0.5,0.5,-0.5,17,372245
-0.5,0.5,-0.5,18,323317
-0.5,0.5,-0.5,19,387635
-0.5,0.5,-0.5,2,363611
-0.5,0.5,-0.5,20,345447
-0.5,0.5,-0.5,21,385625
-0.5,0.5,-0.5,3,449000
-0.5,0.5,-0.5,4,462441
-0.5,0.5,-0.5,5,452227
-0.5,0.5,-0.5,6,362143
-0.5,0.5,-0.5,7,403203
-0.5,0.5,-0.5,8,401425
-0.5,0.5,-0.5,9,346880
-0.5,0.5,0,1,283017
-0.5,0.5,0,10,410151
-0.5,0.5,0,11,368312
-0.5,0.5,0,12,428004
-0.5,0.5,0,13,305213
-0.5,0.5,0,14,356095
-0.5,0.5,0,15,205731
-0.5,0.5,0,16,245279
-0.5,0.5,0,2,452000
-0.5,0.5,0,3,324102
-0.5,0.5,0,4,401000
-0.5,0.5,0,5,368473
-0.5,0.5,0,6,125248
-0.5,0.5,0,7,352869
-0.5,0.5,0,8,301805
-0.5,0.5,0,9,114891
-0.5,0.5,0.5,1,296869
-0.5,0.5,0.5,10,375297
-0.5,0.5,0.5,11,649223
-0.5,0.5,0.5,12,328383
-0.5,0.5,0.5,13,163773
-0.5,0.5,0.5,14,354998
-0.5,0.5,0.5,15,119009
-0.5,0.5,0.5,16,332763
-0.5,0.5,0.5,17,353694
-0.5,0.5,0.5,18,370375
-0.5,0.5,0.5,2,314662
-0.5,0.5,0.5,3,342020
-0.5,0.5,0.5,4,405339
-0.5,0.5,0.5,5,404620
-0.5,0.5,0.5,6,413157
-0.5,0.5,0.5,7,305514
-0.5,0.5,0.5,8,394974
-0.5,0.5,0.5,9,388936
-0.5,1,-0.5,1,362579
-0.5,1,-0.5,10,118692
-0.5,1,-0.5,11,2044752
-0.5,1,-0.5,12,354374
-0.5,1,-0.5,13,118729
-0.5,1,-0.5,14,324555
-0.5,1,-0.5,15,881607
-0.5,1,-0.5,16,226013
-0.5,1,-0.5,17,373753
-0.5,1,-0.5,18,388271
-0.5,1,-0.5,19,357349
-0.5,1,-0.5,2,443496
-0.5,1,-0.5,20,432635
-0.5,1,-0.5,21,326654
-0.5,1,-0.5,3,442828
-0.5,1,-0.5,4,394435
-0.5,1,-0.5,5,372809
-0.5,1,-0.5,6,363433
-0.5,1,-0.5,7,408137
-0.5,1,-0.5,8,441799
-0.5,1,-0.5,9,320133
-0.5,1,0,1,325300
-0.5,1,0,10,338956
-0.5,1,0,11,294034
-0.5,1,0,12,119587
-0.5,1,0,13,312215
-0.5,1,0,14,332091
-0.5,1,0,15,360911
-0.5,1,0,16,356043
-0.5,1,0,17,189615
-0.5,1,0,18,369781
-0.5,1,0,19,1792090
-0.5,1,0,2,396911
-0.5,1,0,20,302623
-0.5,1,0,21,386949
-0.5,1,0,22,419144
-0.5,1,0,3,330043
-0.5,1,0,4,306417
-0.5,1,0,5,390600
-0.5,1,0,6,405519
-0.5,1,0,7,284882
-0.5,1,0,8,360750
-0.5,1,0,9,317073
-0.5,1,0.5,1,905421
-0.5,1,0.5,10,472528
-0.5,1,0.5,11,114730
-0.5,1,0.5,12,617362
-0.5,1,0.5,13,300485
-0.5,1,0.5,14,341531
-0.5,1,0.5,15,263198
-0.5,1,0.5,2,298159
-0.5,1,0.5,3,373471
-0.5,1,0.5,4,350258
-0.5,1,0.5,5,389536
-0.5,1,0.5,6,332750
-0.5,1,0.5,7,196973
-0.5,1,0.5,8,370349
-0.5,1,0.5,9,385975
-0.5,1.5,-0.5,1,413383
-0.5,1.5,-0.5,10,439053
-0.5,1.5,-0.5,11,172851
-0.5,1.5,-0.5,12,306370
-0.5,1.5,-0.5,13,375757
-0.5,1.5,-0.5,14,387919
-0.5,1.5,-0.5,15,414921
-0.5,1.5,-0.5,16,197800
-0.5,1.5,-0.5,17,947232
-0.5,1.5,-0.5,18,307609
-0.5,1.5,-0.5,19,378179
-0.5,1.5,-0.5,2,414076
-0.5,1.5,-0.5,20,406819
-0.5,1.5,-0.5,3,447355
-0.5,1.5,-0.5,4,329347
-0.5,1.5,-0.5,5,384800
-0.5,1.5,-0.5,6,147130
-0.5,1.5,-0.5,7,445753
-0.5,1.5,-0.5,8,367213
-0.5,1.5,-0.5,9,1583911
-0.5,1.5,0.5,1,306924
-0.5,2,-0.5,1,421589
-0.5,2,-0.5,10,129479
-0.5,2,-0.5,11,212783
-0.5,2,-0.5,12,446732
-0.5,2,-0.5,13,351024
-0.5,2,-0.5,14,383169
-0.5,2,-0.5,15,391315
-0.5,2,-0.5,16,388914
-0.5,2,-0.5,17,438808
-0.5,2,-0.5,2,306622
-0.5,2,-0.5,3,331052
-0.5,2,-0.5,4,339915
-0.5,2,-0.5,5,388694
-0.5,2,-0.5,6,460520
-0.5,2,-0.5,7,168429
-0.5,2,-0.5,8,315430
-0.5,2,-0.5,9,322528
-0.5,2,0,1,363872
-0.5,2,0,10,329671
-0.5,2,0,2,323874
-0.5,2,0,3,423448
-0.5,2,0,4,118089
-0.5,2,0,5,409412
-0.5,2,0,6,341468
-0.5,2,0,7,926296
-0.5,2,0,8,282937
-0.5,2,0,9,204053
-0.5,2,0.5,1,343778
-0.5,2,0.5,10,331609
-0.5,2,0.5,11,262618
-0.5,2,0.5,12,124142
-0.5,2,0.5,13,340618
-0.5,2,0.5,14,154049
-0.5,2,0.5,15,382820
-0.5,2,0.5,16,371513
-0.5,2,0.5,17,348763
-0.5,2,0.5,18,352602
-0.5,2,0.5,2,345821
-0.5,2,0.5,3,373838
-0.5,2,0.5,4,384132
-0.5,2,0.5,5,380571
-0.5,2,0.5,6,394234
-0.5,2,0.5,7,313688
-0.5,2,0.5,8,410230
-0.5,2,0.5,9,197782
-1,-0.5,-0.5,1,350651
-1,-0.5,-0.5,10,344453
-1,-0.5,-0.5,11,416684
-1,-0.5,-0.5,12,341401
-1,-0.5,-0.5,13,356975
-1,-0.5,-0.5,14,345842
-1,-0.5,-0.5,15,172951
-1,-0.5,-0.5,16,465020
-1,-0.5,-0.5,17,223923
-1,-0.5,-0.5,2,385605
-1,-0.5,-0.5,3,399523
-1,-0.5,-0.5,4,375442
-1,-0.5,-0.5,5,439658
-1,-0.5,-0.5,6,128225
-1,-0.5,-0.5,7,336534
-1,-0.5,-0.5,8,423223
-1,-0.5,-0.5,9,460276
-1,-0.5,0,1,300162
-1,-0.5,0.5,1,307833
-1,-0.5,0.5,10,369673
-1,-0.5,0.5,11,305013
-1,-0.5,0.5,12,371363
-1,-0.5,0.5,13,376595
-1,-0.5,0.5,14,348807
-1,-0.5,0.5,15,153328
-1,-0.5,0.5,16,167851
-1,-0.5,0.5,17,325721
-1,-0.5,0.5,18,392120
-1,-0.5,0.5,19,385238
-1,-0.5,0.5,2,414315
-1,-0.5,0.5,20,433928
-1,-0.5,0.5,21,385046
-1,-0.5,0.5,22,423591
-1,-0.5,0.5,23,943429
-1,-0.5,0.5,24,460814
-1,-0.5,0.5,3,338002
-1,-0.5,0.5,4,408582
-1,-0.5,0.5,5,360816
-1,-0.5,0.5,6,964399
-1,-0.5,0.5,7,438599
-1,-0.5,0.5,8,351051
-1,-0.5,0.5,9,338761
-1,-1,-0.5,1,347335
-1,-1,-0.5,10,387035
-1,-1,-0.5,11,405994
-1,-1,-0.5,12,354939
-1,-1,-0.5,13,368108
-1,-1,-0.5,14,171652
-1,-1,-0.5,15,366886
-1,-1,-0.5,16,630726
-1,-1,-0.5,17,370001
-1,-1,-0.5,18,384330
-1,-1,-0.5,19,379550
-1,-1,-0.5,2,436658
-1,-1,-0.5,20,396712
-1,-1,-0.5,3,473342
-1,-1,-0.5,4,424015
-1,-1,-0.5,5,373572
-1,-1,-0.5,6,367077
-1,-1,-0.5,7,332745
-1,-1,-0.5,8,199190
-1,-1,-0.5,9,472272
-1,-1,0,1,411852
-1,-1,0,10,394921
-1,-1,0,11,308910
-1,-1,0,12,413644
-1,-1,0,13,333405
-1,-1,0,14,434372
-1,-1,0,15,606950
-1,-1,0,2,459880
-1,-1,0,3,481866
-1,-1,0,4,664897
-1,-1,0,5,415737
-1,-1,0,6,457538
-1,-1,0,7,460114
-1,-1,0,8,346830
-1,-1,0,9,137071
-1,-1,0.5,1,278067
-1,-1,0.5,10,697010
-1,-1,0.5,11,446369
-1,-1,0.5,12,417966
-1,-1,0.5,13,431015
-1,-1,0.5,14,151290
-1,-1,0.5,15,2055243
-1,-1,0.5,16,384831
-1,-1,0.5,17,556685
-1,-1,0.5,2,422308
-1,-1,0.5,3,413272
-1,-1,0.5,4,426229
-1,-1,0.5,5,410896
-1,-1,0.5,6,441318
-1,-1,0.5,7,191124
-1,-1,0.5,8,406340
-1,-1,0.5,9,391679
-1,-1.5,-0.5,1,523815
-1,-1.5,-0.5,10,321438
-1,-1.5,-0.5,11,351762
-1,-1.5,-0.5,12,510540
-1,-1.5,-0.5,13,228188
-1,-1.5,-0.5,14,366196
-1,-1.5,-0.5,15,397704
-1,-1.5,-0.5,16,425834
-1,-1.5,-0.5,17,494584
-1,-1.5,-0.5,18,476137
-1,-1.5,-0.5,19,484894
-1,-1.5,-0.5,2,429355
-1,-1.5,-0.5,20,412708
-1,-1.5,-0.5,3,345555
-1,-1.5,-0.5,4,384246
-1,-1.5,-0.5,5,404487
-1,-1.5,-0.5,6,144786
-1,-1.5,-0.5,7,403276
-1,-1.5,-0.5,8,388654
-1,-1.5,-0.5,9,407058
-1,-2,-0.5,1,408379
-1,-2,-0.5,10,467541
-1,-2,-0.5,11,382857
-1,-2,-0.5,12,138000
-1,-2,-0.5,13,144492
-1,-2,-0.5,14,366523
-1,-2,-0.5,15,371092
-1,-2,-0.5,16,417822
-1,-2,-0.5,17,706531
-1,-2,-0.5,2,447126
-1,-2,-0.5,3,458481
-1,-2,-0.5,4,495068
-1,-2,-0.5,5,354471
-1,-2,-0.5,6,416416
-1,-2,-0.5,7,467582
-1,-2,-0.5,8,732234
-1,-2,-0.5,9,494425
-1,-2,0.5,1,394762
-1,-2,0.5,10,383853
-1,-2,0.5,11,391083
-1,-2,0.5,12,185364
-1,-2,0.5,13,337901
-1,-2,0.5,14,648784
-1,-2,0.5,15,327126
-1,-2,0.5,16,285532
-1,-2,0.5,2,325220
-1,-2,0.5,3,370068
-1,-2,0.5,4,953125
-1,-2,0.5,5,326343
-1,-2,0.5,6,423687
-1,-2,0.5,7,380698
-1,-2,0.5,8,160745
-1,-2,0.5,9,410675
-1,0,-0.5,1,397340
-1,0,-0.5,10,406702
-1,0,-0.5,11,377424
-1,0,-0.5,12,370926
-1,0,-0.5,13,123011
-1,0,-0.5,14,395843
-1,0,-0.5,15,225215
-1,0,-0.5,16,503017
-1,0,-0.5,2,400110
-1,0,-0.5,3,439382
-1,0,-0.5,4,371477
-1,0,-0.5,5,475671
-1,0,-0.5,6,406126
-1,0,-0.5,7,387468
-1,0,-0.5,8,132996
-1,0,-0.5,9,478284
-1,0,0,1,620693
-1,0,0,10,359447
-1,0,0,11,681616
-1,0,0,12,332911
-1,0,0,13,184437
-1,0,0,14,404196
-1,0,0,15,364584
-1,0,0,16,403202
-1,0,0,17,463702
-1,0,0,18,365941
-1,0,0,19,336745
-1,0,0,2,384231
-1,0,0,20,431598
-1,0,0,3,414017
-1,0,0,4,2014915
-1,0,0,5,394956
-1,0,0,6,1774981
-1,0,0,7,117058
-1,0,0,8,378458
-1,0,0,9,364411
-1,0,0.5,1,365128
-1,0,0.5,10,109038
-1,0,0.5,11,100865
-1,0,0.5,12,267126
-1,0,0.5,13,101797
-1,0,0.5,14,99346
-1,0,0.5,15,111826
-1,0,0.5,16,105926
-1,0,0.5,17,112095
-1,0,0.5,18,99812
-1,0,0.5,19,101945
-1,0,0.5,2,100473
-1,0,0.5,20,107093
-1,0,0.5,21,100413
-1,0,0.5,22,98120
-1,0,0.5,23,339499
-1,0,0.5,24,104962
-1,0,0.5,25,111893
-1,0,0.5,26,105078
-1,0,0.5,27,103058
-1,0,0.5,28,106105
-1,0,0.5,29,336441
-1,0,0.5,3,104060
-1,0,0.5,30,402644
-1,0,0.5,31,372413
-1,0,0.5,32,366187
-1,0,0.5,33,347368
-1,0,0.5,34,294375
-1,0,0.5,35,214031
-1,0,0.5,36,327586
-1,0,0.5,37,344183
-1,0,0.5,38,114906
-1,0,0.5,39,372461
-1,0,0.5,4,100804
-1,0,0.5,40,360560
-1,0,0.5,41,306465
-1,0,0.5,42,104248
-1,0,0.5,43,105697
-1,0,0.5,5,104310
-1,0,0.5,6,110385
-1,0,0.5,7,108309
-1,0,0.5,8,105686
-1,0,0.5,9,101000
-1,0.5,0,1,330982
-1,0.5,0,10,425486
-1,0.5,0,11,355781
-1,0.5,0,12,342594
-1,0.5,0,13,336619
-1,0.5,0,14,600978
-1,0.5,0,15,424437
-1,0.5,0,16,176529
-1,0.5,0,17,718954
-1,0.5,0,18,755847
-1,0.5,0,2,420949
-1,0.5,0,3,366843
-1,0.5,0,4,328364
-1,0.5,0,5,340373
-1,0.5,0,6,405814
-1,0.5,0,7,377179
-1,0.5,0,8,350130
-1,0.5,0,9,223418
-1,0.5,0.5,1,355743
-1,0.5,0.5,10,344133
-1,0.5,0.5,11,434881
-1,0.5,0.5,12,205269
-1,0.5,0.5,13,599706
-1,0.5,0.5,14,273386
-1,0.5,0.5,15,620104
-1,0.5,0.5,16,427391
-1,0.5,0.5,17,437896
-1,0.5,0.5,18,420433
-1,0.5,0.5,19,329157
-1,0.5,0.5,2,345328
-1,0.5,0.5,20,179905
-1,0.5,0.5,21,452281
-1,0.5,0.5,22,361530
-1,0.5,0.5,23,377463
-1,0.5,0.5,24,307567
-1,0.5,0.5,25,461490
-1,0.5,0.5,26,270899
-1,0.5,0.5,3,309560
-1,0.5,0.5,4,638813
-1,0.5,0.5,5,337341
-1,0.5,0.5,6,1485339
-1,0.5,0.5,7,318207
-1,0.5,0.5,8,342102
-1,0.5,0.5,9,344129
-1,1,-0.5,1,447050
-1,1,-0.5,10,319547
-1,1,-0.5,11,464544
-1,1,-0.5,12,518086
-1,1,-0.5,13,175328
-1,1,-0.5,14,374390
-1,1,-0.5,15,382705
-1,1,-0.5,16,432338
-1,1,-0.5,17,434327
-1,1,-0.5,2,499124
-1,1,-0.5,3,367570
-1,1,-0.5,4,381643
-1,1,-0.5,5,389827
-1,1,-0.5,6,388275
-1,1,-0.5,7,355220
-1,1,-0.5,8,435395
-1,1,-0.5,9,342033
-1,1,0,1,419262
-1,1,0,10,447308
-1,1,0,11,437985
-1,1,0,12,463584
-1,1,0,13,389684
-1,1,0,14,379643
-1,1,0,15,380529
-1,1,0,2,436451
-1,1,0,3,364479
-1,1,0,4,415106
-1,1,0,5,367477
-1,1,0,6,125427
-1,1,0,7,448777
-1,1,0,8,181599
-1,1,0,9,359947
-1,1,0.5,1,399523
-1,1,0.5,10,330238
-1,1,0.5,11,363074
-1,1,0.5,12,166098
-1,1,0.5,13,337486
-1,1,0.5,14,331094
-1,1,0.5,15,308425
-1,1,0.5,16,357521
-1,1,0.5,17,317902
-1,1,0.5,18,308234
-1,1,0.5,19,315962
-1,1,0.5,2,351476
-1,1,0.5,3,343259
-1,1,0.5,4,546587
-1,1,0.5,5,424247
-1,1,0.5,6,421816
-1,1,0.5,7,426190
-1,1,0.5,8,392704
-1,1,0.5,9,390364
-1,1.5,-0.5,1,484791
-1,1.5,-0.5,10,400861
-1,1.5,-0.5,11,226631
-1,1.5,-0.5,12,443994
-1,1.5,-0.5,13,443972
-1,1.5,-0.5,14,459747
-1,1.5,-0.5,15,536923
-1,1.5,-0.5,16,360436
-1,1.5,-0.5,2,452741
-1,1.5,-0.5,3,738916
-1,1.5,-0.5,4,471786
-1,1.5,-0.5,5,409434
-1,1.5,-0.5,6,134703
-1,1.5,-0.5,7,419842
-1,1.5,-0.5,8,456500
-1,1.5,-0.5,9,335296
-1,1.5,0,1,385323
-1,1.5,0,10,422568
-1,1.5,0,11,216553
-1,1.5,0,12,267988
-1,1.5,0,13,419194
-1,1.5,0,14,181451
-1,1.5,0,15,330254
-1,1.5,0,16,302287
-1,1.5,0,17,418230
-1,1.5,0,18,463892
-1,1.5,0,19,458258
-1,1.5,0,2,435213
-1,1.5,0,3,327652
-1,1.5,0,4,559860
-1,1.5,0,5,413912
-1,1.5,0,6,200852
-1,1.5,0,7,388739
-1,1.5,0,8,368181
-1,1.5,0,9,327741
-1,1.5,0.5,1,374669
-1,1.5,0.5,10,402076
-1,1.5,0.5,11,165013
-1,1.5,0.5,12,371971
-1,1.5,0.5,13,366832
-1,1.5,0.5,14,334082
-1,1.5,0.5,15,307034
-1,1.5,0.5,16,411046
-1,1.5,0.5,2,319633
-1,1.5,0.5,3,1974145
-1,1.5,0.5,4,394714
-1,1.5,0.5,5,950636
-1,1.5,0.5,6,303595
-1,1.5,0.5,7,175968
-1,1.5,0.5,8,408355
-1,1.5,0.5,9,341287
-1,2,-0.5,1,375631
-1,2,-0.5,10,130550
-1,2,-0.5,11,432387
-1,2,-0.5,12,319168
-1,2,-0.5,13,432435
-1,2,-0.5,14,321720
-1,2,-0.5,15,229026
-1,2,-0.5,16,457050
-1,2,-0.5,17,478879
-1,2,-0.5,18,354210
-1,2,-0.5,19,452112
-1,2,-0.5,2,473765
-1,2,-0.5,20,371643
-1,2,-0.5,3,396989
-1,2,-0.5,4,356973
-1,2,-0.5,5,412251
-1,2,-0.5,6,405706
-1,2,-0.5,7,432888
-1,2,-0.5,8,341676
-1,2,-0.5,9,444225
-1,2,0,1,378679
-1,2,0,10,425688
-1,2,0,11,183820
-1,2,0,12,358785
-1,2,0,13,311980
-1,2,0,14,425452
-1,2,0,15,432584
-1,2,0,16,202118
-1,2,0,17,402799
-1,2,0,18,288301
-1,2,0,2,352656
-1,2,0,3,464460
-1,2,0,4,338269
-1,2,0,5,394953
-1,2,0,6,423999
-1,2,0,7,318859
-1,2,0,8,394382
-1,2,0,9,880850
-1,2,0.5,1,640620
-1,2,0.5,10,317377
-1,2,0.5,11,355795
-1,2,0.5,12,183141
-1,2,0.5,13,429203
-1,2,0.5,14,331379
-1,2,0.5,15,404192
-1,2,0.5,16,366015
-1,2,0.5,17,935406
-1,2,0.5,18,327020
-1,2,0.5,2,413269
-1,2,0.5,3,473804
-1,2,0.5,4,353202
-1,2,0.5,5,347586
-1,2,0.5,6,424483
-1,2,0.5,7,428576
-1,2,0.5,8,390040
-1,2,0.5,9,373917
-1.5,-0.5,0,1,471584
-1.5,-0.5,0,10,447172
-1.5,-0.5,0,11,418313
-1.5,-0.5,0,12,349900
-1.5,-0.5,0,13,501585
-1.5,-0.5,0,14,389884
-1.5,-0.5,0,15,471364
-1.5,-0.5,0,16,511207
-1.5,-0.5,0,17,439076
-1.5,-0.5,0,18,380557
-1.5,-0.5,0,19,474017
-1.5,-0.5,0,2,386938
-1.5,-0.5,0,20,416489
-1.5,-0.5,0,3,2018336
-1.5,-0.5,0,4,398337
-1.5,-0.5,0,5,416391
-1.5,-0.5,0,6,132918
-1.5,-0.5,0,7,404437
-1.5,-0.5,0,8,404912
-1.5,-0.5,0,9,496527
-1.5,-0.5,0.5,1,332970
-1.5,-0.5,0.5,10,465806
-1.5,-0.5,0.5,11,351851
-1.5,-0.5,0.5,12,455823
-1.5,-0.5,0.5,13,363961
-1.5,-0.5,0.5,14,314838
-1.5,-0.5,0.5,15,290659
-1.5,-0.5,0.5,2,455793
-1.5,-0.5,0.5,3,442106
-1.5,-0.5,0.5,4,474132
-1.5,-0.5,0.5,5,362698
-1.5,-0.5,0.5,6,480726
-1.5,-0.5,0.5,7,362421
-1.5,-0.5,0.5,8,327577
-1.5,-0.5,0.5,9,134381
-1.5,-1,-0.5,1,436384
-1.5,-1,-0.5,10,278297
-1.5,-1,-0.5,11,193745
-1.5,-1,-0.5,12,406815
-1.5,-1,-0.5,13,445184
-1.5,-1,-0.5,14,449806
-1.5,-1,-0.5,15,890562
-1.5,-1,-0.5,2,416571
-1.5,-1,-0.5,3,528970
-1.5,-1,-0.5,4,480986
-1.5,-1,-0.5,5,483001
-1.5,-1,-0.5,6,219261
-1.5,-1,-0.5,7,399289
-1.5,-1,-0.5,8,436232
-1.5,-1,-0.5,9,465445
-1.5,-1,0,1,381663
-1.5,-1,0,10,603679
-1.5,-1,0,11,211304
-1.5,-1,0,12,356067
-1.5,-1,0,2,405526
-1.5,-1,0,3,361419
-1.5,-1,0,4,390743
-1.5,-1,0,5,431872
-1.5,-1,0,6,407753
-1.5,-1,0,7,414211
-1.5,-1,0,8,216915
-1.5,-1,0,9,367990
-1.5,-1.5,-0.5,1,530905
-1.5,-1.5,-0.5,10,425880
-1.5,-1.5,-0.5,11,724331
-1.5,-1.5,-0.5,12,497792
-1.5,-1.5,-0.5,13,370552
-1.5,-1.5,-0.5,14,356780
-1.5,-1.5,-0.5,15,508784
-1.5,-1.5,-0.5,16,227632
-1.5,-1.5,-0.5,17,434571
-1.5,-1.5,-0.5,18,437305
-1.5,-1.5,-0.5,19,519119
-1.5,-1.5,-0.5,2,497430
-1.5,-1.5,-0.5,20,445942
-1.5,-1.5,-0.5,21,368464
-1.5,-1.5,-0.5,3,375968
-1.5,-1.5,-0.5,4,844697
-1.5,-1.5,-0.5,5,419362
-1.5,-1.5,-0.5,6,415558
-1.5,-1.5,-0.5,7,479615
-1.5,-1.5,-0.5,8,134540
-1.5,-1.5,-0.5,9,439757
-1.5,-1.5,0,1,1420700
-1.5,-1.5,0,10,289889
-1.5,-1.5,0,11,373038
-1.5,-1.5,0,12,207357
-1.5,-1.5,0,13,473428
-1.5,-1.5,0,14,476587
-1.5,-1.5,0,15,512297
-1.5,-1.5,0,16,2109589
-1.5,-1.5,0,17,367280
-1.5,-1.5,0,2,417988
-1.5,-1.5,0,3,367796
-1.5,-1.5,0,4,463634
-1.5,-1.5,0,5,336733
-1.5,-1.5,0,6,1701845
-1.5,-1.5,0,7,124832
-1.5,-1.5,0,8,447871
-1.5,-1.5,0,9,354759
-1.5,-2,0,1,423721
-1.5,-2,0,10,402219
-1.5,-2,0,11,525771
-1.5,-2,0,12,432210
-1.5,-2,0,13,211948
-1.5,-2,0,14,467458
-1.5,-2,0,15,423157
-1.5,-2,0,16,157970
-1.5,-2,0,17,494850
-1.5,-2,0,18,411339
-1.5,-2,0,19,495321
-1.5,-2,0,2,478322
-1.5,-2,0,20,251028
-1.5,-2,0,21,431366
-1.5,-2,0,3,766444
-1.5,-2,0,4,491789
-1.5,-2,0,5,411124
-1.5,-2,0,6,470262
-1.5,-2,0,7,251582
-1.5,-2,0,8,522682
-1.5,-2,0,9,443452
-1.5,-2,0.5,1,627697
-1.5,-2,0.5,10,456519
-1.5,-2,0.5,11,433501
-1.5,-2,0.5,12,397922
-1.5,-2,0.5,13,427325
-1.5,-2,0.5,14,467969
-1.5,-2,0.5,15,455790
-1.5,-2,0.5,16,483920
-1.5,-2,0.5,2,492053
-1.5,-2,0.5,3,413773
-1.5,-2,0.5,4,413714
-1.5,-2,0.5,5,219436
-1.5,-2,0.5,6,438299
-1.5,-2,0.5,7,372151
-1.5,-2,0.5,8,424819
-1.5,-2,0.5,9,217442
-1.5,0,-0.5,1,367056
-1.5,0,-0.5,10,416115
-1.5,0,-0.5,11,221338
-1.5,0,-0.5,12,358905
-1.5,0,-0.5,13,497019
-1.5,0,-0.5,14,473797
-1.5,0,-0.5,15,170163
-1.5,0,-0.5,16,412923
-1.5,0,-0.5,17,498955
-1.5,0,-0.5,18,492078
-1.5,0,-0.5,19,481899
-1.5,0,-0.5,2,700309
-1.5,0,-0.5,20,433952
-1.5,0,-0.5,21,1186134
-1.5,0,-0.5,3,431324
-1.5,0,-0.5,4,958603
-1.5,0,-0.5,5,408029
-1.5,0,-0.5,6,457725
-1.5,0,-0.5,7,371724
-1.5,0,-0.5,8,1982585
-1.5,0,-0.5,9,494720
-1.5,0,0,1,484514
-1.5,0,0,10,432396
-1.5,0,0,11,209341
-1.5,0,0,12,440669
-1.5,0,0,13,354158
-1.5,0,0,14,368933
-1.5,0,0,15,421042
-1.5,0,0,16,403832
-1.5,0,0,17,407273
-1.5,0,0,2,380181
-1.5,0,0,3,487712
-1.5,0,0,4,397699
-1.5,0,0,5,437996
-1.5,0,0,6,2053590
-1.5,0,0,7,135091
-1.5,0,0,8,398604
-1.5,0,0,9,505934
-1.5,0,0.5,1,319253
-1.5,0,0.5,10,472453
-1.5,0,0.5,11,930093
-1.5,0,0.5,12,406097
-1.5,0,0.5,13,132645
-1.5,0,0.5,14,170273
-1.5,0,0.5,15,429063
-1.5,0,0.5,16,375004
-1.5,0,0.5,17,411573
-1.5,0,0.5,18,349287
-1.5,0,0.5,19,363164
-1.5,0,0.5,2,416524
-1.5,0,0.5,20,340457
-1.5,0,0.5,21,431222
-1.5,0,0.5,22,364963
-1.5,0,0.5,3,415845
-1.5,0,0.5,4,412659
-1.5,0,0.5,5,317187
-1.5,0,0.5,6,375477
-1.5,0,0.5,7,417403
-1.5,0,0.5,8,392549
-1.5,0,0.5,9,144161
-1.5,0.5,-0.5,1,457450
-1.5,0.5,-0.5,10,478113
-1.5,0.5,-0.5,11,201073
-1.5,0.5,-0.5,12,720341
-1.5,0.5,-0.5,13,503954
-1.5,0.5,-0.5,14,401459
-1.5,0.5,-0.5,15,225364
-1.5,0.5,-0.5,16,454387
-1.5,0.5,-0.5,17,370266
-1.5,0.5,-0.5,18,2139208
-1.5,0.5,-0.5,19,417125
-1.5,0.5,-0.5,2,532170
-1.5,0.5,-0.5,20,411394
-1.5,0.5,-0.5,21,1522660
-1.5,0.5,-0.5,3,398492
-1.5,0.5,-0.5,4,368430
-1.5,0.5,-0.5,5,394813
-1.5,0.5,-0.5,6,992637
-1.5,0.5,-0.5,7,412709
-1.5,0.5,-0.5,8,464673
-1.5,0.5,-0.5,9,407318
-1.5,0.5,0.5,1,423262
-1.5,0.5,0.5,10,133948
-1.5,0.5,0.5,11,494483
-1.5,0.5,0.5,12,382052
-1.5,0.5,0.5,13,354653
-1.5,0.5,0.5,14,188323
-1.5,0.5,0.5,15,380825
-1.5,0.5,0.5,16,390851
-1.5,0.5,0.5,17,362357
-1.5,0.5,0.5,18,314507
-1.5,0.5,0.5,2,321074
-1.5,0.5,0.5,3,397859
-1.5,0.5,0.5,4,455737
-1.5,0.5,0.5,5,320732
-1.5,0.5,0.5,6,184806
-1.5,0.5,0.5,7,467506
-1.5,0.5,0.5,8,460896
-1.5,0.5,0.5,9,474745
-1.5,1,-0.5,1,393784
-1.5,1,-0.5,10,1055974
-1.5,1,-0.5,11,375517
-1.5,1,-0.5,12,476603
-1.5,1,-0.5,13,495289
-1.5,1,-0.5,14,218791
-1.5,1,-0.5,15,625717
-1.5,1,-0.5,16,441650
-1.5,1,-0.5,17,353640
-1.5,1,-0.5,18,443161
-1.5,1,-0.5,19,227367
-1.5,1,-0.5,2,712745
-1.5,1,-0.5,20,395272
-1.5,1,-0.5,21,405149
-1.5,1,-0.5,22,429886
-1.5,1,-0.5,3,468483
-1.5,1,-0.5,4,481660
-1.5,1,-0.5,5,724896
-1.5,1,-0.5,6,517063
-1.5,1,-0.5,7,456603
-1.5,1,-0.5,8,399061
-1.5,1,-0.5,9,355462
-1.5,1,0,1,474107
-1.5,1,0.5,1,401784
-1.5,1,0.5,10,1223206
-1.5,1,0.5,11,385173
-1.5,1,0.5,12,459286
-1.5,1,0.5,13,373668
-1.5,1,0.5,14,398124
-1.5,1,0.5,15,396863
-1.5,1,0.5,16,471756
-1.5,1,0.5,17,349467
-1.5,1,0.5,18,478741
-1.5,1,0.5,19,394487
-1.5,1,0.5,2,440560
-1.5,1,0.5,20,366696
-1.5,1,0.5,3,346288
-1.5,1,0.5,4,478469
-1.5,1,0.5,5,167199
-1.5,1,0.5,6,486199
-1.5,1,0.5,7,1576419
-1.5,1,0.5,8,317134
-1.5,1,0.5,9,288366
-1.5,1.5,-0.5,1,581956
-1.5,1.5,0.5,1,330165
-1.5,1.5,0.5,10,443602
-1.5,1.5,0.5,11,415702
-1.5,1.5,0.5,12,172027
-1.5,1.5,0.5,13,386715
-1.5,1.5,0.5,14,421893
-1.5,1.5,0.5,15,922030
-1.5,1.5,0.5,16,258514
-1.5,1.5,0.5,2,469458
-1.5,1.5,0.5,3,453242
-1.5,1.5,0.5,4,381631
-1.5,1.5,0.5,5,333258
-1.5,1.5,0.5,6,209163
-1.5,1.5,0.5,7,465631
-1.5,1.5,0.5,8,466711
-1.5,1.5,0.5,9,196163
-1.5,2,-0.5,1,553119
-1.5,2,-0.5,2,499886
-1.5,2,0,1,314414
-1.5,2,0,10,378557
-1.5,2,0,11,481333
-1.5,2,0,12,300929
-1.5,2,0,13,461996
-1.5,2,0,14,354228
-1.5,2,0,15,419464
-1.5,2,0,16,367875
-1.5,2,0,17,328653
-1.5,2,0,18,386442
-1.5,2,0,19,314230
-1.5,2,0,2,329194
-1.5,2,0,3,376409
-1.5,2,0,4,358390
-1.5,2,0,5,359137
-1.5,2,0,6,406211
-1.5,2,0,7,2008293
-1.5,2,0,8,492452
-1.5,2,0,9,208995
-1.5,2,0.5,1,333486
-1.5,2,0.5,10,151773
-1.5,2,0.5,11,445551
-1.5,2,0.5,12,460765
-1.5,2,0.5,13,406649
-1.5,2,0.5,14,362392
-1.5,2,0.5,15,459064
-1.5,2,0.5,16,172639
-1.5,2,0.5,17,434224
-1.5,2,0.5,18,481052
-1.5,2,0.5,19,353004
-1.5,2,0.5,2,393024
-1.5,2,0.5,3,392900
-1.5,2,0.5,4,360659
-1.5,2,0.5,5,361529
-1.5,2,0.5,6,453393
-1.5,2,0.5,7,294828
-1.5,2,0.5,8,437668
-1.5,2,0.5,9,303227
-2,-0.5,-0.5,1,651570
-2,-0.5,-0.5,10,493689
-2,-0.5,-0.5,11,168121
-2,-0.5,-0.5,12,403956
-2,-0.5,-0.5,13,372495
-2,-0.5,-0.5,14,724514
-2,-0.5,-0.5,2,361145
-2,-0.5,-0.5,3,416396
-2,-0.5,-0.5,4,462795
-2,-0.5,-0.5,5,381609
-2,-0.5,-0.5,6,197043
-2,-0.5,-0.5,7,506662
-2,-0.5,-0.5,8,418320
-2,-0.5,-0.5,9,449821
-2,-0.5,0,1,433621
-2,-0.5,0,10,143730
-2,-0.5,0,11,312126
-2,-0.5,0,12,134186
-2,-0.5,0,13,488438
-2,-0.5,0,2,498317
-2,-0.5,0,3,498093
-2,-0.5,0,4,451061
-2,-0.5,0,5,411919
-2,-0.5,0,6,447484
-2,-0.5,0,7,370520
-2,-0.5,0,8,436242
-2,-0.5,0,9,485290
-2,-0.5,0.5,1,353237
-2,-0.5,0.5,10,403468
-2,-0.5,0.5,11,1473425
-2,-0.5,0.5,12,392078
-2,-0.5,0.5,13,475255
-2,-0.5,0.5,2,416261
-2,-0.5,0.5,3,420037
-2,-0.5,0.5,4,230717
-2,-0.5,0.5,5,480314
-2,-0.5,0.5,6,421221
-2,-0.5,0.5,7,189591
-2,-0.5,0.5,8,325913
-2,-0.5,0.5,9,138079
-2,-1,-0.5,1,1584113
-2,-1,-0.5,10,396790
-2,-1,-0.5,11,442728
-2,-1,-0.5,12,688975
-2,-1,-0.5,13,812781
-2,-1,-0.5,14,444282
-2,-1,-0.5,15,173376
-2,-1,-0.5,16,428767
-2,-1,-0.5,17,527040
-2,-1,-0.5,18,421028
-2,-1,-0.5,19,447675
-2,-1,-0.5,2,400436
-2,-1,-0.5,3,517188
-2,-1,-0.5,4,504792
-2,-1,-0.5,5,400957
-2,-1,-0.5,6,1281502
-2,-1,-0.5,7,418803
-2,-1,-0.5,8,200939
-2,-1,-0.5,9,485214
-2,-1,0,1,431969
-2,-1,0,10,452509
-2,-1,0,11,504593
-2,-1,0,12,483763
-2,-1,0,13,852771
-2,-1,0,14,403703
-2,-1,0,15,409454
-2,-1,0,16,209147
-2,-1,0,17,400867
-2,-1,0,18,455169
-2,-1,0,19,1291620
-2,-1,0,2,377108
-2,-1,0,3,409319
-2,-1,0,4,454949
-2,-1,0,5,634740
-2,-1,0,6,529140
-2,-1,0,7,389838
-2,-1,0,8,144231
-2,-1,0,9,505690
-2,-1,0.5,1,696092
-2,-1,0.5,10,532032
-2,-1,0.5,11,136696
-2,-1,0.5,12,442868
-2,-1,0.5,13,804896
-2,-1,0.5,14,468103
-2,-1,0.5,15,325532
-2,-1,0.5,2,558153
-2,-1,0.5,3,556031
-2,-1,0.5,4,414990
-2,-1,0.5,5,452114
-2,-1,0.5,6,477771
-2,-1,0.5,7,312962
-2,-1,0.5,8,497964
-2,-1,0.5,9,563747
-2,-1.5,-0.5,1,331302
-2,-1.5,-0.5,10,250575
-2,-1.5,-0.5,11,495706
-2,-1.5,-0.5,12,483758
-2,-1.5,-0.5,13,1035804
-2,-1.5,-0.5,14,377139
-2,-1.5,-0.5,15,558875
-2,-1.5,-0.5,2,763111
-2,-1.5,-0.5,3,400278
-2,-1.5,-0.5,4,520023
-2,-1.5,-0.5,5,505466
-2,-1.5,-0.5,6,465400
-2,-1.5,-0.5,7,152909
-2,-1.5,-0.5,8,493863
-2,-1.5,-0.5,9,418899
-2,-1.5,0,1,504349
-2,-1.5,0,10,190413
-2,-1.5,0,11,482550
-2,-1.5,0,12,463316
-2,-1.5,0,13,488127
-2,-1.5,0,14,437755
-2,-1.5,0,15,337013
-2,-1.5,0,2,551250
-2,-1.5,0,3,1036825
-2,-1.5,0,4,141309
-2,-1.5,0,5,471011
-2,-1.5,0,6,413878
-2,-1.5,0,7,413635
-2,-1.5,0,8,834778
-2,-1.5,0,9,379704
-2,-1.5,0.5,1,342252
-2,-1.5,0.5,10,538461
-2,-1.5,0.5,11,787509
-2,-1.5,0.5,12,135236
-2,-1.5,0.5,13,382925
-2,-1.5,0.5,14,455621
-2,-1.5,0.5,15,201136
-2,-1.5,0.5,16,395325
-2,-1.5,0.5,17,422925
-2,-1.5,0.5,18,481777
-2,-1.5,0.5,2,643023
-2,-1.5,0.5,3,498954
-2,-1.5,0.5,4,387925
-2,-1.5,0.5,5,382907
-2,-1.5,0.5,6,459030
-2,-1.5,0.5,7,512869
-2,-1.5,0.5,8,742745
-2,-1.5,0.5,9,174557
-2,-2,-0.5,1,583723
-2,-2,-0.5,10,998590
-2,-2,-0.5,11,396592
-2,-2,-0.5,12,505226
-2,-2,-0.5,13,193483
-2,-2,-0.5,14,532386
-2,-2,-0.5,15,411375
-2,-2,-0.5,16,550121
-2,-2,-0.5,17,462013
-2,-2,-0.5,18,482601
-2,-2,-0.5,19,528330
-2,-2,-0.5,2,523957
-2,-2,-0.5,20,526563
-2,-2,-0.5,21,468840
-2,-2,-0.5,22,513014
-2,-2,-0.5,23,356036
-2,-2,-0.5,24,371914
-2,-2,-0.5,25,390491
-2,-2,-0.5,3,409943
-2,-2,-0.5,4,536584
-2,-2,-0.5,5,419046
-2,-2,-0.5,6,548391
-2,-2,-0.5,7,447212
-2,-2,-0.5,8,359345
-2,-2,-0.5,9,184148
-2,-2,0.5,1,349818
-2,-2,0.5,10,381495
-2,-2,0.5,11,385247
-2,-2,0.5,12,705845
-2,-2,0.5,13,388243
-2,-2,0.5,14,114520
-2,-2,0.5,15,324719
-2,-2,0.5,2,372849
-2,-2,0.5,3,402393
-2,-2,0.5,4,465600
-2,-2,0.5,5,345075
-2,-2,0.5,6,392069
-2,-2,0.5,7,394393
-2,-2,0.5,8,1746381
-2,-2,0.5,9,177127
-2,0,-0.5,1,474029
-2,0,-0.5,10,193700
-2,0,-0.5,11,463325
-2,0,-0.5,12,429022
-2,0,-0.5,13,423926
-2,0,-0.5,14,379769
-2,0,-0.5,15,481805
-2,0,-0.5,16,499080
-2,0,-0.5,17,373372
-2,0,-0.5,18,344428
-2,0,-0.5,19,2013164
-2,0,-0.5,2,505490
-2,0,-0.5,20,480867
-2,0,-0.5,3,556431
-2,0,-0.5,4,411835
-2,0,-0.5,5,459824
-2,0,-0.5,6,138868
-2,0,-0.5,7,534257
-2,0,-0.5,8,493561
-2,0,-0.5,9,493556
-2,0,0,1,409864
-2,0,0,10,384203
-2,0,0,11,506203
-2,0,0,12,722191
-2,0,0,13,472239
-2,0,0,14,336512
-2,0,0,2,2045607
-2,0,0,3,412998
-2,0,0,4,419547
-2,0,0,5,505440
-2,0,0,6,135555
-2,0,0,7,369525
-2,0,0,8,381326
-2,0,0,9,1383412
-2,0,0.5,1,446348
-2,0,0.5,10,216264
-2,0,0.5,11,131511
-2,0,0.5,12,470668
-2,0,0.5,13,230492
-2,0,0.5,14,401216
-2,0,0.5,15,363236
-2,0,0.5,16,1769274
-2,0,0.5,17,337330
-2,0,0.5,18,712975
-2,0,0.5,19,371421
-2,0,0.5,2,377735
-2,0,0.5,20,416101
-2,0,0.5,3,337334
-2,0,0.5,4,440691
-2,0,0.5,5,392531
-2,0,0.5,6,411790
-2,0,0.5,7,439640
-2,0,0.5,8,432867
-2,0,0.5,9,381030
-2,0.5,-0.5,1,350404
-2,0.5,-0.5,10,297023
-2,0.5,-0.5,11,430870
-2,0.5,-0.5,2,398549
-2,0.5,-0.5,3,458098
-2,0.5,-0.5,4,445927
-2,0.5,-0.5,5,507408
-2,0.5,-0.5,6,364039
-2,0.5,-0.5,7,147789
-2,0.5,-0.5,8,403057
-2,0.5,-0.5,9,326503
-2,0.5,0,1,421648
-2,0.5,0,10,143698
-2,0.5,0,11,485425
-2,0.5,0,12,531622
-2,0.5,0,13,242322
-2,0.5,0,14,398685
-2,0.5,0,15,463879
-2,0.5,0,16,334514
-2,0.5,0,17,473477
-2,0.5,0,18,456524
-2,0.5,0,19,439940
-2,0.5,0,2,2069196
-2,0.5,0,3,451629
-2,0.5,0,4,491534
-2,0.5,0,5,476520
-2,0.5,0,6,962265
-2,0.5,0,7,407211
-2,0.5,0,8,400595
-2,0.5,0,9,484356
-2,0.5,0.5,1,497428
-2,0.5,0.5,10,369100
-2,0.5,0.5,11,130978
-2,0.5,0.5,12,444140
-2,0.5,0.5,13,378478
-2,0.5,0.5,14,501604
-2,0.5,0.5,15,405861
-2,0.5,0.5,16,408675
-2,0.5,0.5,17,442559
-2,0.5,0.5,18,394528
-2,0.5,0.5,19,417607
-2,0.5,0.5,2,382824
-2,0.5,0.5,20,396688
-2,0.5,0.5,3,432154
-2,0.5,0.5,4,404669
-2,0.5,0.5,5,400991
-2,0.5,0.5,6,488054
-2,0.5,0.5,7,515774
-2,0.5,0.5,8,1017733
-2,0.5,0.5,9,170403
-2,1,-0.5,1,490016
-2,1,-0.5,10,501718
-2,1,-0.5,11,511262
-2,1,-0.5,12,471478
-2,1,-0.5,13,438032
-2,1,-0.5,14,287356
-2,1,-0.5,15,542927
-2,1,-0.5,16,523054
-2,1,-0.5,17,534934
-2,1,-0.5,18,863271
-2,1,-0.5,2,427200
-2,1,-0.5,3,405181
-2,1,-0.5,4,466289
-2,1,-0.5,5,388047
-2,1,-0.5,6,518801
-2,1,-0.5,7,513743
-2,1,-0.5,8,351829
-2,1,-0.5,9,142464
-2,1,0,1,401425
-2,1,0,10,468656
-2,1,0,11,413529
-2,1,0,12,372852
-2,1,0,13,177239
-2,1,0,14,512121
-2,1,0,15,331094
-2,1,0,16,472859
-2,1,0,17,522765
-2,1,0,2,396921
-2,1,0,3,384461
-2,1,0,4,493982
-2,1,0,5,410083
-2,1,0,6,464380
-2,1,0,7,167812
-2,1,0,8,464950
-2,1,0,9,476730
-2,1,0.5,1,349571
-2,1,0.5,10,492558
-2,1,0.5,11,219878
-2,1,0.5,12,401979
-2,1,0.5,13,485357
-2,1,0.5,14,189024
-2,1,0.5,15,373200
-2,1,0.5,16,492541
-2,1,0.5,17,410562
-2,1,0.5,18,390497
-2,1,0.5,19,297952
-2,1,0.5,2,402311
-2,1,0.5,3,433878
-2,1,0.5,4,326348
-2,1,0.5,5,496873
-2,1,0.5,6,361035
-2,1,0.5,7,387895
-2,1,0.5,8,912818
-2,1,0.5,9,437627
-2,1.5,-0.5,1,1633139
-2,1.5,-0.5,10,1412099
-2,1.5,-0.5,11,138035
-2,1.5,-0.5,12,688245
-2,1.5,-0.5,2,444897
-2,1.5,-0.5,3,403180
-2,1.5,-0.5,4,550510
-2,1.5,-0.5,5,380491
-2,1.5,-0.5,6,547495
-2,1.5,-0.5,7,263975
-2,1.5,-0.5,8,412824
-2,1.5,-0.5,9,418695
-2,1.5,0,1,475048
-2,1.5,0,10,448727
-2,1.5,0,11,420868
-2,1.5,0,12,415751
-2,1.5,0,13,167430
-2,1.5,0,14,2099317
-2,1.5,0,15,392805
-2,1.5,0,16,442791
-2,1.5,0,17,514159
-2,1.5,0,2,407700
-2,1.5,0,3,518855
-2,1.5,0,4,445718
-2,1.5,0,5,439389
-2,1.5,0,6,409815
-2,1.5,0,7,429574
-2,1.5,0,8,496159
-2,1.5,0,9,195374
-2,1.5,0.5,1,408371
-2,1.5,0.5,10,385722
-2,1.5,0.5,2,442544
-2,1.5,0.5,3,483588
-2,1.5,0.5,4,324490
-2,1.5,0.5,5,455567
-2,1.5,0.5,6,424129
-2,1.5,0.5,7,345436
-2,1.5,0.5,8,813075
-2,1.5,0.5,9,302751
-2,2,-0.5,1,441456
-2,2,-0.5,10,530958
-2,2,-0.5,11,348115
-2,2,-0.5,12,378113
-2,2,-0.5,13,197611
-2,2,-0.5,14,391778
-2,2,-0.5,15,748011
-2,2,-0.5,16,448341
-2,2,-0.5,17,435699
-2,2,-0.5,2,446050
-2,2,-0.5,3,406258
-2,2,-0.5,4,403906
-2,2,-0.5,5,435307
-2,2,-0.5,6,436855
-2,2,-0.5,7,493214
-2,2,-0.5,8,493942
-2,2,-0.5,9,223953
-2,2,0,1,319348
-2,2,0,10,194691
-2,2,0,11,1034386
-2,2,0,12,368815
-2,2,0,13,457130
-2,2,0,14,387261
-2,2,0,15,504917
-2,2,0,16,761831
-2,2,0,17,433641
-2,2,0,18,378309
-2,2,0,19,473755
-2,2,0,2,446571
-2,2,0,20,364777
-2,2,0,3,727440
-2,2,0,4,489757
-2,2,0,5,481933
-2,2,0,6,346790
-2,2,0,7,200155
-2,2,0,8,424207
-2,2,0,9,346308
-2,2,0.5,1,396623
-2,2,0.5,10,360057
-2,2,0.5,11,132656
-2,2,0.5,12,407933
-2,2,0.5,2,407562
-2,2,0.5,3,483584
-2,2,0.5,4,423747
-2,2,0.5,5,466656
-2,2,0.5,6,468365
-2,2,0.5,7,435449
-2,2,0.5,8,215052
-2,2,0.5,9,495344
0,-1,-0.5,1,459022
0,-1,0,1,266323
0,-1.5,0.5,1,314430
0,-2,0,1,309689
0,-2,0,10,375905
0,-2,0,11,344695
0,-2,0,12,344306
0,-2,0,13,351482
0,-2,0,14,389140
0,-2,0,15,353421
0,-2,0,16,382408
0,-2,0,17,182803
0,-2,0,18,295048
0,-2,0,19,356620
0,-2,0,2,293492
0,-2,0,20,308670
0,-2,0,21,354492
0,-2,0,22,311144
0,-2,0,3,428933
0,-2,0,4,351265
0,-2,0,5,343380
0,-2,0,6,321299
0,-2,0,7,298328
0,-2,0,8,163434
0,-2,0,9,371603
0,-2,0.5,1,319591
0,-2,0.5,10,250539
0,-2,0.5,11,364334
0,-2,0.5,12,99888
0,-2,0.5,13,340456
0,-2,0.5,14,369470
0,-2,0.5,15,315025
0,-2,0.5,16,354994
0,-2,0.5,17,300562
0,-2,0.5,18,377731
0,-2,0.5,19,326915
0,-2,0.5,2,358833
0,-2,0.5,20,291061
0,-2,0.5,3,314395
0,-2,0.5,4,273558
0,-2,0.5,5,304300
0,-2,0.5,6,367457
0,-2,0.5,7,153714
0,-2,0.5,8,650826
0,-2,0.5,9,289195
0,0,-0.5,1,483084
0,0,-0.5,2,369561
0,0,-0.5,3,465627
0,0,-0.5,4,484105
0,0,-0.5,5,439069
0,0,-0.5,6,345787
0,0,-0.5,7,334341
0,0,-0.5,8,509127
0,0,-0.5,9,259307
0,0,0,1,303055
0,0,0,10,380827
0,0,0,11,393150
0,0,0,2,402907
0,0,0,3,310327
0,0,0,4,288749
0,0,0,5,180535
0,0,0,6,338077
0,0,0,7,340314
0,0,0,8,332416
0,0,0,9,453973
0,0,0.5,1,328426
0,0,0.5,10,145246
0,0,0.5,11,273026
0,0,0.5,12,343883
0,0,0.5,13,348829
0,0,0.5,14,274175
0,0,0.5,15,376817
0,0,0.5,2,319584
0,0,0.5,3,352792
0,0,0.5,4,291651
0,0,0.5,5,211531
0,0,0.5,6,343265
0,0,0.5,7,329862
0,0,0.5,8,358633
0,0,0.5,9,1594584
0,1,0,1,383878
0,1.5,-0.5,1,428508
0,1.5,-0.5,10,342433
0,1.5,-0.5,11,194454
0,1.5,-0.5,12,382980
0,1.5,-0.5,13,340163
0,1.5,-0.5,14,338950
0,1.5,-0.5,15,358332
0,1.5,-0.5,16,407666
0,1.5,-0.5,17,385266
0,1.5,-0.5,18,422368
0,1.5,-0.5,19,388421
0,1.5,-0.5,2,319809
0,1.5,-0.5,3,458024
0,1.5,-0.5,4,319969
0,1.5,-0.5,5,436384
0,1.5,-0.5,6,325493
0,1.5,-0.5,7,408513
0,1.5,-0.5,8,440950
0,1.5,-0.5,9,397100
0.5,-0.5,-0.5,1,292691
0.5,-0.5,-0.5,10,386171
0.5,-0.5,-0.5,11,319555
0.5,-0.5,-0.5,2,396089
0.5,-0.5,-0.5,3,422913
0.5,-0.5,-0.5,4,429707
0.5,-0.5,-0.5,5,161827
0.5,-0.5,-0.5,6,438270
0.5,-0.5,-0.5,7,130427
0.5,-0.5,-0.5,8,1977733
0.5,-0.5,-0.5,9,149645
0.5,-0.5,0,1,324518
0.5,-0.5,0,10,372241
0.5,-0.5,0,11,335692
0.5,-0.5,0,12,344384
0.5,-0.5,0,13,429808
0.5,-0.5,0,14,129164
0.5,-0.5,0,15,355231
0.5,-0.5,0,16,362310
0.5,-0.5,0,17,109443
0.5,-0.5,0,18,331659
0.5,-0.5,0,2,389751
0.5,-0.5,0,3,350607
0.5,-0.5,0,4,319490
0.5,-0.5,0,5,359909
0.5,-0.5,0,6,434271
0.5,-0.5,0,7,332621
0.5,-0.5,0,8,376414
0.5,-0.5,0,9,402130
0.5,-0.5,0.5,1,378348
0.5,-0.5,0.5,10,424236
0.5,-0.5,0.5,11,355556
0.5,-0.5,0.5,12,352775
0.5,-0.5,0.5,13,282381
0.5,-0.5,0.5,14,165958
0.5,-0.5,0.5,15,395388
0.5,-0.5,0.5,16,331359
0.5,-0.5,0.5,17,370167
0.5,-0.5,0.5,18,414113
0.5,-0.5,0.5,19,160918
0.5,-0.5,0.5,2,682564
0.5,-0.5,0.5,20,395731
0.5,-0.5,0.5,21,182959
0.5,-0.5,0.5,3,313345
0.5,-0.5,0.5,4,292851
0.5,-0.5,0.5,5,328487
0.5,-0.5,0.5,6,423708
0.5,-0.5,0.5,7,337640
0.5,-0.5,0.5,8,309368
0.5,-0.5,0.5,9,339784
0.5,-1,-0.5,1,353442
0.5,-1,-0.5,10,337423
0.5,-1,-0.5,11,461920
0.5,-1,-0.5,12,1199646
0.5,-1,-0.5,13,323245
0.5,-1,-0.5,14,154742
0.5,-1,-0.5,15,315389
0.5,-1,-0.5,16,256386
0.5,-1,-0.5,2,674553
0.5,-1,-0.5,3,367637
0.5,-1,-0.5,4,321175
0.5,-1,-0.5,5,446753
0.5,-1,-0.5,6,423384
0.5,-1,-0.5,7,178527
0.5,-1,-0.5,8,435235
0.5,-1,-0.5,9,355335
0.5,-1,0,1,471742
0.5,-1,0,10,299767
0.5,-1,0,11,355961
0.5,-1,0,12,387568
0.5,-1,0,13,341220
0.5,-1,0,14,1152956
0.5,-1,0,15,421391
0.5,-1,0,16,428433
0.5,-1,0,2,347537
0.5,-1,0,3,362583
0.5,-1,0,4,360277
0.5,-1,0,5,295641
0.5,-1,0,6,416218
0.5,-1,0,7,171304
0.5,-1,0,8,398367
0.5,-1,0,9,310244
0.5,-1,0.5,1,306182
0.5,-1,0.5,10,402676
0.5,-1,0.5,11,323312
0.5,-1,0.5,12,114614
0.5,-1,0.5,13,304075
0.5,-1,0.5,14,246460
0.5,-1,0.5,2,408711
0.5,-1,0.5,3,283451
0.5,-1,0.5,4,160016
0.5,-1,0.5,5,362053
0.5,-1,0.5,6,410152
0.5,-1,0.5,7,108664
0.5,-1,0.5,8,299184
0.5,-1,0.5,9,366724
0.5,-1.5,-0.5,1,377919
0.5,-1.5,-0.5,10,128850
0.5,-1.5,-0.5,11,327150
0.5,-1.5,-0.5,2,407344
0.5,-1.5,-0.5,3,453372
0.5,-1.5,-0.5,4,378696
0.5,-1.5,-0.5,5,306346
0.5,-1.5,-0.5,6,431315
0.5,-1.5,-0.5,7,178976
0.5,-1.5,-0.5,8,1986472
0.5,-1.5,-0.5,9,372236
0.5,-1.5,0,1,349906
0.5,-1.5,0,10,373436
0.5,-1.5,0,11,277373
0.5,-1.5,0,12,327327
0.5,-1.5,0,13,448252
0.5,-1.5,0,14,176439
0.5,-1.5,0,15,351461
0.5,-1.5,0,16,415711
0.5,-1.5,0,17,395567
0.5,-1.5,0,18,392902
0.5,-1.5,0,19,317491
0.5,-1.5,0,2,410190
0.5,-1.5,0,20,231310
0.5,-1.5,0,3,286475
0.5,-1.5,0,4,353570
0.5,-1.5,0,5,303077
0.5,-1.5,0,6,333885
0.5,-1.5,0,7,340573
0.5,-1.5,0,8,148076
0.5,-1.5,0,9,306199
0.5,-1.5,0.5,1,291214
0.5,-1.5,0.5,10,331458
0.5,-1.5,0.5,11,158207
0.5,-1.5,0.5,12,350419
0.5,-1.5,0.5,13,277636
0.5,-1.5,0.5,14,320929
0.5,-1.5,0.5,15,414505
0.5,-1.5,0.5,16,305211
0.5,-1.5,0.5,17,313440
0.5,-1.5,0.5,18,343518
0.5,-1.5,0.5,2,396325
0.5,-1.5,0.5,3,299396
0.5,-1.5,0.5,4,307689
0.5,-1.5,0.5,5,293525
0.5,-1.5,0.5,6,317223
0.5,-1.5,0.5,7,339773
0.5,-1.5,0.5,8,370852
0.5,-1.5,0.5,9,108734
0.5,-2,-0.5,1,399005
0.5,-2,-0.5,10,440565
0.5,-2,-0.5,11,378813
0.5,-2,-0.5,12,361177
0.5,-2,-0.5,13,441997
0.5,-2,-0.5,14,354789
0.5,-2,-0.5,2,334402
0.5,-2,-0.5,3,375568
0.5,-2,-0.5,4,310403
0.5,-2,-0.5,5,370423
0.5,-2,-0.5,6,456472
0.5,-2,-0.5,7,386844
0.5,-2,-0.5,8,189505
0.5,-2,-0.5,9,364527
0.5,-2,0,1,357916
0.5,-2,0,10,385050
0.5,-2,0,11,157996
0.5,-2,0,12,363587
0.5,-2,0,13,400385
0.5,-2,0,14,352576
0.5,-2,0,15,381974
0.5,-2,0,16,620230
0.5,-2,0,17,979737
0.5,-2,0,18,367900
0.5,-2,0,19,292624
0.5,-2,0,2,320818
0.5,-2,0,3,295184
0.5,-2,0,4,365988
0.5,-2,0,5,299932
0.5,-2,0,6,610887
0.5,-2,0,7,412099
0.5,-2,0,8,398714
0.5,-2,0,9,294210
0.5,-2,0.5,1,313700
0.5,-2,0.5,10,370610
0.5,-2,0.5,11,388713
0.5,-2,0.5,12,322160
0.5,-2,0.5,13,377840
0.5,-2,0.5,14,341864
0.5,-2,0.5,15,368806
0.5,-2,0.5,16,401347
0.5,-2,0.5,17,145784
0.5,-2,0.5,18,526466
0.5,-2,0.5,2,353085
0.5,-2,0.5,3,1928747
0.5,-2,0.5,4,283723
0.5,-2,0.5,5,931241
0.5,-2,0.5,6,322545
0.5,-2,0.5,7,401791
0.5,-2,0.5,8,107004
0.5,-2,0.5,9,331756
0.5,0,-0.5,1,511701
0.5,0,-0.5,10,438195
0.5,0,-0.5,11,181358
0.5,0,-0.5,12,389772
0.5,0,-0.5,2,396305
0.5,0,-0.5,3,420526
0.5,0,-0.5,4,457877
0.5,0,-0.5,5,343855
0.5,0,-0.5,6,142624
0.5,0,-0.5,7,339514
0.5,0,-0.5,8,440049
0.5,0,-0.5,9,122511
0.5,0,0.5,1,214202
0.5,0,0.5,10,102655
0.5,0,0.5,11,105170
0.5,0,0.5,12,337988
0.5,0,0.5,13,100759
0.5,0,0.5,14,98380
0.5,0,0.5,15,99192
0.5,0,0.5,16,97169
0.5,0,0.5,17,99439
0.5,0,0.5,18,104420
0.5,0,0.5,19,105283
0.5,0,0.5,2,106971
0.5,0,0.5,20,92671
0.5,0,0.5,21,105977
0.5,0,0.5,22,101556
0.5,0,0.5,23,346902
0.5,0,0.5,24,94907
0.5,0,0.5,25,96450
0.5,0,0.5,26,101582
0.5,0,0.5,27,105458
0.5,0,0.5,28,287103
0.5,0,0.5,29,315984
0.5,0,0.5,3,96679
0.5,0,0.5,30,296213
0.5,0,0.5,31,275156
0.5,0,0.5,32,296636
0.5,0,0.5,33,297477
0.5,0,0.5,34,259358
0.5,0,0.5,35,203753
0.5,0,0.5,36,211382
0.5,0,0.5,37,285565
0.5,0,0.5,38,332665
0.5,0,0.5,39,107180
0.5,0,0.5,4,92845
0.5,0,0.5,40,306445
0.5,0,0.5,41,288496
0.5,0,0.5,42,320509
0.5,0,0.5,43,195663
0.5,0,0.5,44,106911
0.5,0,0.5,45,94801
0.5,0,0.5,5,97863
0.5,0,0.5,6,95313
0.5,0,0.5,7,94166
0.5,0,0.5,8,105107
0.5,0,0.5,9,95992
0.5,0.5,-0.5,1,389715
0.5,0.5,-0.5,10,410470
0.5,0.5,-0.5,11,384755
0.5,0.5,-0.5,12,170905
0.5,0.5,-0.5,13,357651
0.5,0.5,-0.5,14,377581
0.5,0.5,-0.5,15,437303
0.5,0.5,-0.5,16,459819
0.5,0.5,-0.5,17,457561
0.5,0.5,-0.5,18,296404
0.5,0.5,-0.5,2,462258
0.5,0.5,-0.5,3,444401
0.5,0.5,-0.5,4,404834
0.5,0.5,-0.5,5,153002
0.5,0.5,-0.5,6,133839
0.5,0.5,-0.5,7,336426
0.5,0.5,-0.5,8,361831
0.5,0.5,-0.5,9,368425
0.5,0.5,0,1,429170
0.5,0.5,0,10,428774
0.5,0.5,0,11,381347
0.5,0.5,0,12,384235
0.5,0.5,0,13,284893
0.5,0.5,0,14,119152
0.5,0.5,0,15,424909
0.5,0.5,0,16,373005
0.5,0.5,0,17,158877
0.5,0.5,0,18,395438
0.5,0.5,0,2,427476
0.5,0.5,0,3,359516
0.5,0.5,0,4,361464
0.5,0.5,0,5,337400
0.5,0.5,0,6,299684
0.5,0.5,0,7,381839
0.5,0.5,0,8,399215
0.5,0.5,0,9,113218
0.5,0.5,0.5,1,329202
0.5,0.5,0.5,10,326558
0.5,0.5,0.5,11,406674
0.5,0.5,0.5,12,380184
0.5,0.5,0.5,13,338631
0.5,0.5,0.5,14,269324
0.5,0.5,0.5,15,192580
0.5,0.5,0.5,16,371192
0.5,0.5,0.5,17,406596
0.5,0.5,0.5,18,361224
0.5,0.5,0.5,2,300784
0.5,0.5,0.5,3,378926
0.5,0.5,0.5,4,370376
0.5,0.5,0.5,5,387392
0.5,0.5,0.5,6,317922
0.5,0.5,0.5,7,115874
0.5,0.5,0.5,8,400596
0.5,0.5,0.5,9,324844
0.5,1,-0.5,1,377474
0.5,1,-0.5,10,441926
0.5,1,-0.5,11,446462
0.5,1,-0.5,12,1953349
0.5,1,-0.5,13,126406
0.5,1,-0.5,14,133771
0.5,1,-0.5,15,438611
0.5,1,-0.5,16,208062
0.5,1,-0.5,17,336318
0.5,1,-0.5,18,364260
0.5,1,-0.5,19,333019
0.5,1,-0.5,2,435424
0.5,1,-0.5,20,437702
0.5,1,-0.5,21,349841
0.5,1,-0.5,3,203126
0.5,1,-0.5,4,430419
0.5,1,-0.5,5,438968
0.5,1,-0.5,6,410133
0.5,1,-0.5,7,731441
0.5,1,-0.5,8,347968
0.5,1,-0.5,9,371683
0.5,1,0,1,428270
0.5,1,0,10,427434
0.5,1,0,11,345668
0.5,1,0,12,360064
0.5,1,0,13,355743
0.5,1,0,14,380962
0.5,1,0,15,201075
0.5,1,0,16,387582
0.5,1,0,17,362926
0.5,1,0,18,411331
0.5,1,0,2,381035
0.5,1,0,3,312662
0.5,1,0,4,701538
0.5,1,0,5,348580
0.5,1,0,6,355236
0.5,1,0,7,347776
0.5,1,0,8,151374
0.5,1,0,9,406719
0.5,1,0.5,1,368982
0.5,1,0.5,10,107353
0.5,1,0.5,11,359042
0.5,1,0.5,12,360675
0.5,1,0.5,13,287889
0.5,1,0.5,14,363347
0.5,1,0.5,15,223682
0.5,1,0.5,16,170593
0.5,1,0.5,17,307815
0.5,1,0.5,18,284991
0.5,1,0.5,19,929561
0.5,1,0.5,2,365827
0.5,1,0.5,20,367050
0.5,1,0.5,21,1953293
0.5,1,0.5,22,305252
0.5,1,0.5,3,389841
0.5,1,0.5,4,309117
0.5,1,0.5,5,822551
0.5,1,0.5,6,297150
0.5,1,0.5,7,318980
0.5,1,0.5,8,304148
0.5,1,0.5,9,1609120
0.5,1.5,-0.5,1,526044
0.5,1.5,-0.5,10,517281
0.5,1.5,-0.5,11,949231
0.5,1.5,-0.5,12,265349
0.5,1.5,-0.5,13,419611
0.5,1.5,-0.5,14,429920
0.5,1.5,-0.5,15,454324
0.5,1.5,-0.5,16,333241
0.5,1.5,-0.5,2,398116
0.5,1.5,-0.5,3,446215
0.5,1.5,-0.5,4,311104
0.5,1.5,-0.5,5,388041
0.5,1.5,-0.5,6,180009
0.5,1.5,-0.5,7,414678
0.5,1.5,-0.5,8,368494
0.5,1.5,-0.5,9,465377
0.5,1.5,0,1,386422
0.5,1.5,0,10,284143
0.5,1.5,0,11,321846
0.5,1.5,0,12,377417
0.5,1.5,0,13,294508
0.5,1.5,0,14,418406
0.5,1.5,0,15,392002
0.5,1.5,0,16,295274
0.5,1.5,0,17,321216
0.5,1.5,0,18,431670
0.5,1.5,0,19,361785
0.5,1.5,0,2,298819
0.5,1.5,0,20,311865
0.5,1.5,0,21,295934
0.5,1.5,0,22,357733
0.5,1.5,0,3,312042
0.5,1.5,0,4,381507
0.5,1.5,0,5,330095
0.5,1.5,0,6,158815
0.5,1.5,0,7,346708
0.5,1.5,0,8,383741
0.5,1.5,0,9,358897
0.5,1.5,0.5,1,291406
0.5,1.5,0.5,10,347897
0.5,1.5,0.5,11,105709
0.5,1.5,0.5,12,291855
0.5,1.5,0.5,13,254563
0.5,1.5,0.5,2,320116
0.5,1.5,0.5,3,350668
0.5,1.5,0.5,4,386507
0.5,1.5,0.5,5,330374
0.5,1.5,0.5,6,381944
0.5,1.5,0.5,7,107681
0.5,1.5,0.5,8,291040
0.5,1.5,0.5,9,383254
0.5,2,-0.5,1,448382
0.5,2,-0.5,10,185160
0.5,2,-0.5,11,415817
0.5,2,-0.5,12,321270
0.5,2,-0.5,13,416469
0.5,2,-0.5,14,359414
0.5,2,-0.5,15,446325
0.5,2,-0.5,2,306719
0.5,2,-0.5,3,429890
0.5,2,-0.5,4,362934
0.5,2,-0.5,5,456364
0.5,2,-0.5,6,174178
0.5,2,-0.5,7,903591
0.5,2,-0.5,8,396633
0.5,2,-0.5,9,440571
0.5,2,0,1,513231
0.5,2,0,10,342422
0.5,2,0,11,316316
0.5,2,0,12,114668
0.5,2,0,13,288002
0.5,2,0,2,388343
0.5,2,0,3,364846
0.5,2,0,4,317793
0.5,2,0,5,1955261
0.5,2,0,6,354438
0.5,2,0,7,147193
0.5,2,0,8,357080
0.5,2,0,9,417513
0.5,2,0.5,1,289023
0.5,2,0.5,10,377372
0.5,2,0.5,11,400796
0.5,2,0.5,12,351707
0.5,2,0.5,13,104823
0.5,2,0.5,14,306896
0.5,2,0.5,15,382885
0.5,2,0.5,16,391554
0.5,2,0.5,17,301132
0.5,2,0.5,18,275153
0.5,2,0.5,19,274425
0.5,2,0.5,2,357234
0.5,2,0.5,3,286957
0.5,2,0.5,4,338554
0.5,2,0.5,5,169724
0.5,2,0.5,6,301276
0.5,2,0.5,7,869724
0.5,2,0.5,8,302579
0.5,2,0.5,9,142639
1,-0.5,-0.5,1,1066311
1,-0.5,-0.5,10,322895
1,-0.5,-0.5,11,281839
1,-0.5,-0.5,2,334905
1,-0.5,-0.5,3,385462
1,-0.5,-0.5,4,129942
1,-0.5,-0.5,5,443498
1,-0.5,-0.5,6,422562
1,-0.5,-0.5,7,350802
1,-0.5,-0.5,8,344300
1,-0.5,-0.5,9,214357
1,-0.5,0.5,1,528612
1,-0.5,0.5,10,291441
1,-0.5,0.5,100,307996
1,-0.5,0.5,11,280851
1,-0.5,0.5,12,279411
1,-0.5,0.5,13,346117
1,-0.5,0.5,14,336450
1,-0.5,0.5,15,357390
1,-0.5,0.5,16,300367
1,-0.5,0.5,17,276938
1,-0.5,0.5,18,281912
1,-0.5,0.5,19,337583
1,-0.5,0.5,2,257562
1,-0.5,0.5,20,343266
1,-0.5,0.5,21,325194
1,-0.5,0.5,22,279987
1,-0.5,0.5,23,310740
1,-0.5,0.5,24,330612
1,-0.5,0.5,25,299454
1,-0.5,0.5,26,236727
1,-0.5,0.5,27,309525
1,-0.5,0.5,28,272097
1,-0.5,0.5,29,164514
1,-0.5,0.5,3,288362
1,-0.5,0.5,30,385473
1,-0.5,0.5,31,334100
1,-0.5,0.5,32,327186
1,-0.5,0.5,33,298047
1,-0.5,0.5,34,326169
1,-0.5,0.5,35,386940
1,-0.5,0.5,36,312617
1,-0.5,0.5,37,323747
1,-0.5,0.5,38,294707
1,-0.5,0.5,39,303977
1,-0.5,0.5,4,307620
1,-0.5,0.5,40,295823
1,-0.5,0.5,41,279005
1,-0.5,0.5,42,307064
1,-0.5,0.5,43,307094
1,-0.5,0.5,44,278605
1,-0.5,0.5,45,281609
1,-0.5,0.5,46,330528
1,-0.5,0.5,47,375352
1,-0.5,0.5,48,225582
1,-0.5,0.5,49,246848
1,-0.5,0.5,5,325420
1,-0.5,0.5,50,292321
1,-0.5,0.5,51,301240
1,-0.5,0.5,52,320239
1,-0.5,0.5,53,270023
1,-0.5,0.5,54,287998
1,-0.5,0.5,55,256870
1,-0.5,0.5,56,287732
1,-0.5,0.5,57,285699
1,-0.5,0.5,58,274199
1,-0.5,0.5,59,323117
1,-0.5,0.5,6,322949
1,-0.5,0.5,60,313635
1,-0.5,0.5,61,308238
1,-0.5,0.5,62,265808
1,-0.5,0.5,63,273211
1,-0.5,0.5,64,335485
1,-0.5,0.5,65,257285
1,-0.5,0.5,66,391474
1,-0.5,0.5,67,332625
1,-0.5,0.5,68,338237
1,-0.5,0.5,69,338702
1,-0.5,0.5,7,311302
1,-0.5,0.5,70,273876
1,-0.5,0.5,71,297044
1,-0.5,0.5,72,328647
1,-0.5,0.5,73,288873
1,-0.5,0.5,74,321163
1,-0.5,0.5,75,338465
1,-0.5,0.5,76,234443
1,-0.5,0.5,77,266285
1,-0.5,0.5,78,305240
1,-0.5,0.5,79,303421
1,-0.5,0.5,8,294522
1,-0.5,0.5,80,304597
1,-0.5,0.5,81,232434
1,-0.5,0.5,82,254501
1,-0.5,0.5,83,279449
1,-0.5,0.5,84,303425
1,-0.5,0.5,85,288751
1,-0.5,0.5,86,228485
1,-0.5,0.5,87,358397
1,-0.5,0.5,88,293754
1,-0.5,0.5,89,310988
1,-0.5,0.5,9,260492
1,-0.5,0.5,90,287494
1,-0.5,0.5,91,231104
1,-0.5,0.5,92,248208
1,-0.5,0.5,93,257533
1,-0.5,0.5,94,286653
1,-0.5,0.5,95,267630
1,-0.5,0.5,96,298500
1,-0.5,0.5,97,325901
1,-0.5,0.5,98,309643
1,-0.5,0.5,99,262862
1,-1,-0.5,1,392155
1,-1,-0.5,10,253812
1,-1,-0.5,11,211260
1,-1,-0.5,12,378438
1,-1,-0.5,13,509975
1,-1,-0.5,14,435234
1,-1,-0.5,2,431425
1,-1,-0.5,3,364331
1,-1,-0.5,4,377456
1,-1,-0.5,5,391310
1,-1,-0.5,6,405446
1,-1,-0.5,7,492374
1,-1,-0.5,8,199239
1,-1,-0.5,9,362102
1,-1,0,1,424404
1,-1,0,10,171707
1,-1,0,11,904680
1,-1,0,12,326826
1,-1,0,13,236303
1,-1,0,2,406498
1,-1,0,3,396212
1,-1,0,4,296035
1,-1,0,5,671719
1,-1,0,6,317819
1,-1,0,7,130057
1,-1,0,8,430755
1,-1,0,9,303430
1,-1,0.5,1,175207
1,-1,0.5,10,98032
1,-1,0.5,100,117675
1,-1,0.5,11,107290
1,-1,0.5,12,99679
1,-1,0.5,13,253200
1,-1,0.5,14,108635
1,-1,0.5,15,106140
1,-1,0.5,16,107183
1,-1,0.5,17,102725
1,-1,0.5,18,111282
1,-1,0.5,19,101779
1,-1,0.5,2,103098
1,-1,0.5,20,105925
1,-1,0.5,21,100506
1,-1,0.5,22,118676
1,-1,0.5,23,99235
1,-1,0.5,24,187106
1,-1,0.5,25,106074
1,-1,0.5,26,99592
1,-1,0.5,27,103973
1,-1,0.5,28,114917
1,-1,0.5,29,105855
1,-1,0.5,3,115551
1,-1,0.5,30,103684
1,-1,0.5,31,99208
1,-1,0.5,32,106335
1,-1,0.5,33,106805
1,-1,0.5,34,112330
1,-1,0.5,35,104001
1,-1,0.5,36,109381
1,-1,0.5,37,98950
1,-1,0.5,38,97353
1,-1,0.5,39,105897
1,-1,0.5,4,97495
1,-1,0.5,40,101874
1,-1,0.5,41,96511
1,-1,0.5,42,103174
1,-1,0.5,43,97540
1,-1,0.5,44,100307
1,-1,0.5,45,107223
1,-1,0.5,46,96486
1,-1,0.5,47,106034
1,-1,0.5,48,113528
1,-1,0.5,49,110453
1,-1,0.5,5,94871
1,-1,0.5,50,118451
1,-1,0.5,51,121347
1,-1,0.5,52,115230
1,-1,0.5,53,109593
1,-1,0.5,54,112352
1,-1,0.5,55,110176
1,-1,0.5,56,118491
1,-1,0.5,57,101434
1,-1,0.5,58,116295
1,-1,0.5,59,110133
1,-1,0.5,6,94304
1,-1,0.5,60,111485
1,-1,0.5,61,102297
1,-1,0.5,62,117649
1,-1,0.5,63,103543
1,-1,0.5,64,108912
1,-1,0.5,65,112159
1,-1,0.5,66,115932
1,-1,0.5,67,120109
1,-1,0.5,68,108897
1,-1,0.5,69,106997
1,-1,0.5,7,113688
1,-1,0.5,70,105933
1,-1,0.5,71,112426
1,-1,0.5,72,110589
1,-1,0.5,73,109048
1,-1,0.5,74,106323
1,-1,0.5,75,104838
1,-1,0.5,76,117484
1,-1,0.5,77,110375
1,-1,0.5,78,121528
1,-1,0.5,79,95206
1,-1,0.5,8,99233
1,-1,0.5,80,103928
1,-1,0.5,81,119602
1,-1,0.5,82,115940
1,-1,0.5,83,120770
1,-1,0.5,84,113380
1,-1,0.5,85,124555
1,-1,0.5,86,118836
1,-1,0.5,87,131784
1,-1,0.5,88,116287
1,-1,0.5,89,113776
1,-1,0.5,9,98134
1,-1,0.5,90,96307
1,-1,0.5,91,111443
1,-1,0.5,92,124988
1,-1,0.5,93,154149
1,-1,0.5,94,115869
1,-1,0.5,95,125077
1,-1,0.5,96,118266
1,-1,0.5,97,129769
1,-1,0.5,98,111094
1,-1,0.5,99,115644
1,-1.5,0,1,438620
1,-1.5,0,10,354920
1,-1.5,0,11,306533
1,-1.5,0,12,423802
1,-1.5,0,13,323284
1,-1.5,0,14,348764
1,-1.5,0,15,209791
1,-1.5,0,16,270000
1,-1.5,0,2,300204
1,-1.5,0,3,432887
1,-1.5,0,4,359926
1,-1.5,0,5,361110
1,-1.5,0,6,360470
1,-1.5,0,7,420056
1,-1.5,0,8,132732
1,-1.5,0,9,426791
1,-1.5,0.5,1,336184
1,-1.5,0.5,10,359756
1,-1.5,0.5,11,438560
1,-1.5,0.5,12,180486
1,-1.5,0.5,13,441663
1,-1.5,0.5,14,440083
1,-1.5,0.5,15,341059
1,-1.5,0.5,16,375761
1,-1.5,0.5,2,394583
1,-1.5,0.5,3,358546
1,-1.5,0.5,4,172817
1,-1.5,0.5,5,406867
1,-1.5,0.5,6,418805
1,-1.5,0.5,7,328482
1,-1.5,0.5,8,327888
1,-1.5,0.5,9,459163
1,-2,-0.5,1,842400
1,-2,-0.5,10,340673
1,-2,-0.5,11,487013
1,-2,-0.5,12,468544
1,-2,-0.5,13,507310
1,-2,-0.5,14,377641
1,-2,-0.5,15,407113
1,-2,-0.5,16,489312
1,-2,-0.5,17,490964
1,-2,-0.5,18,368631
1,-2,-0.5,2,384304
1,-2,-0.5,3,424178
1,-2,-0.5,4,1690395
1,-2,-0.5,5,388614
1,-2,-0.5,6,682795
1,-2,-0.5,7,189090
1,-2,-0.5,8,481858
1,-2,-0.5,9,168803
1,-2,0.5,1,401351
1,-2,0.5,10,169525
1,-2,0.5,11,314594
1,-2,0.5,12,113487
1,-2,0.5,13,169687
1,-2,0.5,14,443464
1,-2,0.5,15,357416
1,-2,0.5,2,427102
1,-2,0.5,3,428516
1,-2,0.5,4,368703
1,-2,0.5,5,342981
1,-2,0.5,6,993951
1,-2,0.5,7,421062
1,-2,0.5,8,366163
1,-2,0.5,9,362329
1,0,-0.5,1,364058
1,0,-0.5,10,366373
1,0,-0.5,11,353786
1,0,-0.5,12,139411
1,0,-0.5,13,399541
1,0,-0.5,14,393933
1,0,-0.5,15,364311
1,0,-0.5,16,486512
1,0,-0.5,17,363405
1,0,-0.5,18,367930
1,0,-0.5,2,451806
1,0,-0.5,3,183434
1,0,-0.5,4,330926
1,0,-0.5,5,396392
1,0,-0.5,6,460742
1,0,-0.5,7,140469
1,0,-0.5,8,476374
1,0,-0.5,9,497111
1,0,0,1,353698
1,0,0,10,1170672
1,0,0,11,119481
1,0,0,12,441061
1,0,0,13,200339
1,0,0,14,829557
1,0,0,15,449993
1,0,0,2,956243
1,0,0,3,431623
1,0,0,4,448790
1,0,0,5,407235
1,0,0,6,121677
1,0,0,7,352702
1,0,0,8,354230
1,0,0,9,373913
1,0,0.5,1,193524
1,0,0.5,10,97505
1,0,0.5,100,120060
1,0,0.5,11,106591
1,0,0.5,12,103010
1,0,0.5,13,195303
1,0,0.5,14,101443
1,0,0.5,15,109452
1,0,0.5,16,106636
1,0,0.5,17,115358
1,0,0.5,18,105214
1,0,0.5,19,111278
1,0,0.5,2,113940
1,0,0.5,20,114952
1,0,0.5,21,109044
1,0,0.5,22,106876
1,0,0.5,23,108970
1,0,0.5,24,204300
1,0,0.5,25,107751
1,0,0.5,26,113076
1,0,0.5,27,103176
1,0,0.5,28,113021
1,0,0.5,29,104666
1,0,0.5,3,110949
1,0,0.5,30,107207
1,0,0.5,31,100665
1,0,0.5,32,104790
1,0,0.5,33,100525
1,0,0.5,34,121094
1,0,0.5,35,99658
1,0,0.5,36,103427
1,0,0.5,37,102076
1,0,0.5,38,111383
1,0,0.5,39,109250
1,0,0.5,4,106217
1,0,0.5,40,102105
1,0,0.5,41,99802
1,0,0.5,42,103906
1,0,0.5,43,104468
1,0,0.5,44,102043
1,0,0.5,45,109212
1,0,0.5,46,100143
1,0,0.5,47,103802
1,0,0.5,48,108962
1,0,0.5,49,121434
1,0,0.5,5,102209
1,0,0.5,50,115701
1,0,0.5,51,121776
1,0,0.5,52,118329
1,0,0.5,53,112847
1,0,0.5,54,117559
1,0,0.5,55,114269
1,0,0.5,56,117735
1,0,0.5,57,96113
1,0,0.5,58,113047
1,0,0.5,59,120916
1,0,0.5,6,93463
1,0,0.5,60,105935
1,0,0.5,61,109760
1,0,0.5,62,113857
1,0,0.5,63,110046
1,0,0.5,64,109100
1,0,0.5,65,107918
1,0,0.5,66,109145
1,0,0.5,67,107983
1,0,0.5,68,101659
1,0,0.5,69,108793
1,0,0.5,7,92503
1,0,0.5,70,108935
1,0,0.5,71,111024
1,0,0.5,72,106986
1,0,0.5,73,106828
1,0,0.5,74,104805
1,0,0.5,75,116191
1,0,0.5,76,103115
1,0,0.5,77,105603
1,0,0.5,78,110445
1,0,0.5,79,97417
1,0,0.5,8,97053
1,0,0.5,80,103929
1,0,0.5,81,107554
1,0,0.5,82,134542
1,0,0.5,83,131615
1,0,0.5,84,124573
1,0,0.5,85,115966
1,0,0.5,86,119699
1,0,0.5,87,128990
1,0,0.5,88,120642
1,0,0.5,89,120881
1,0,0.5,9,97847
1,0,0.5,90,97104
1,0,0.5,91,115164
1,0,0.5,92,124816
1,0,0.5,93,122154
1,0,0.5,94,124995
1,0,0.5,95,118173
1,0,0.5,96,117550
1,0,0.5,97,117610
1,0,0.5,98,117698
1,0,0.5,99,128823
1,0.5,-0.5,1,357657
1,0.5,-0.5,10,982949
1,0.5,-0.5,11,482167
1,0.5,-0.5,12,135785
1,0.5,-0.5,13,411721
1,0.5,-0.5,14,701143
1,0.5,-0.5,15,461467
1,0.5,-0.5,16,198260
1,0.5,-0.5,2,398395
1,0.5,-0.5,3,387398
1,0.5,-0.5,4,466931
1,0.5,-0.5,5,402434
1,0.5,-0.5,6,392902
1,0.5,-0.5,7,476803
1,0.5,-0.5,8,435083
1,0.5,-0.5,9,218095
1,0.5,0,1,374801
1,0.5,0,10,155069
1,0.5,0,11,327042
1,0.5,0,12,416936
1,0.5,0,13,125029
1,0.5,0,14,342066
1,0.5,0,15,195230
1,0.5,0,16,441418
1,0.5,0,17,385832
1,0.5,0,18,349507
1,0.5,0,19,335872
1,0.5,0,2,915901
1,0.5,0,20,447759
1,0.5,0,3,379267
1,0.5,0,4,341784
1,0.5,0,5,413271
1,0.5,0,6,407176
1,0.5,0,7,363300
1,0.5,0,8,401953
1,0.5,0,9,367176
1,0.5,0.5,1,293906
1,0.5,0.5,10,305272
1,0.5,0.5,100,269365
1,0.5,0.5,11,314701
1,0.5,0.5,12,251338
1,0.5,0.5,13,337492
1,0.5,0.5,14,280999
1,0.5,0.5,15,304464
1,0.5,0.5,16,255708
1,0.5,0.5,17,327176
1,0.5,0.5,18,278400
1,0.5,0.5,19,284516
1,0.5,0.5,2,347143
1,0.5,0.5,20,243884
1,0.5,0.5,21,271306
1,0.5,0.5,22,259184
1,0.5,0.5,23,301756
1,0.5,0.5,24,339761
1,0.5,0.5,25,284877
1,0.5,0.5,26,307455
1,0.5,0.5,27,377048
1,0.5,0.5,28,348879
1,0.5,0.5,29,229203
1,0.5,0.5,3,462096
1,0.5,0.5,30,439901
1,0.5,0.5,31,333174
1,0.5,0.5,32,328819
1,0.5,0.5,33,405621
1,0.5,0.5,34,339421
1,0.5,0.5,35,242115
1,0.5,0.5,36,348438
1,0.5,0.5,37,317831
1,0.5,0.5,38,308278
1,0.5,0.5,39,289213
1,0.5,0.5,4,315408
1,0.5,0.5,40,367663
1,0.5,0.5,41,340630
1,0.5,0.5,42,301295
1,0.5,0.5,43,272829
1,0.5,0.5,44,326655
1,0.5,0.5,45,296793
1,0.5,0.5,46,317246
1,0.5,0.5,47,339124
1,0.5,0.5,48,352640
1,0.5,0.5,49,237145
1,0.5,0.5,5,283245
1,0.5,0.5,50,275182
1,0.5,0.5,51,336128
1,0.5,0.5,52,287433
1,0.5,0.5,53,320980
1,0.5,0.5,54,309092
1,0.5,0.5,55,318731
1,0.5,0.5,56,297937
1,0.5,0.5,57,298496
1,0.5,0.5,58,304145
1,0.5,0.5,59,297607
1,0.5,0.5,6,308317
1,0.5,0.5,60,279162
1,0.5,0.5,61,274405
1,0.5,0.5,62,301741
1,0.5,0.5,63,305181
1,0.5,0.5,64,321354
1,0.5,0.5,65,373862
1,0.5,0.5,66,405138
1,0.5,0.5,67,360421
1,0.5,0.5,68,353466
1,0.5,0.5,69,334763
1,0.5,0.5,7,329526
1,0.5,0.5,70,310376
1,0.5,0.5,71,268870
1,0.5,0.5,72,276206
1,0.5,0.5,73,270337
1,0.5,0.5,74,317520
1,0.5,0.5,75,303769
1,0.5,0.5,76,363868
1,0.5,0.5,77,288169
1,0.5,0.5,78,299706
1,0.5,0.5,79,329685
1,0.5,0.5,8,274348
1,0.5,0.5,80,328828
1,0.5,0.5,81,411686
1,0.5,0.5,82,318760
1,0.5,0.5,83,330977
1,0.5,0.5,84,302076
1,0.5,0.5,85,287986
1,0.5,0.5,86,328546
1,0.5,0.5,87,255256
1,0.5,0.5,88,310530
1,0.5,0.5,89,363717
1,0.5,0.5,9,367972
1,0.5,0.5,90,288363
1,0.5,0.5,91,312762
1,0.5,0.5,92,335537
1,0.5,0.5,93,312256
1,0.5,0.5,94,321397
1,0.5,0.5,95,269838
1,0.5,0.5,96,293170
1,0.5,0.5,97,316550
1,0.5,0.5,98,267218
1,0.5,0.5,99,314591
1,1,-0.5,1,247049
1,1,-0.5,10,1794560
1,1,-0.5,11,433148
1,1,-0.5,12,472719
1,1,-0.5,13,415627
1,1,-0.5,2,346356
1,1,-0.5,3,643361
1,1,-0.5,4,212175
1,1,-0.5,5,395001
1,1,-0.5,6,481548
1,1,-0.5,7,500997
1,1,-0.5,8,299594
1,1,-0.5,9,430020
1,1,0,1,349230
1,1,0,10,396947
1,1,0,11,371716
1,1,0,12,356869
1,1,0,13,185340
1,1,0,14,332537
1,1,0,15,406613
1,1,0,16,375959
1,1,0,17,412826
1,1,0,2,314992
1,1,0,3,331627
1,1,0,4,376545
1,1,0,5,441504
1,1,0,6,642085
1,1,0,7,417285
1,1,0,8,156465
1,1,0,9,394888
1,1,0.5,1,198157
1,1,0.5,10,110763
1,1,0.5,100,127677
1,1,0.5,11,99647
1,1,0.5,12,99695
1,1,0.5,13,184811
1,1,0.5,14,102086
1,1,0.5,15,113760
1,1,0.5,16,115368
1,1,0.5,17,107988
1,1,0.5,18,105783
1,1,0.5,19,121816
1,1,0.5,2,114425
1,1,0.5,20,105948
1,1,0.5,21,105971
1,1,0.5,22,106624
1,1,0.5,23,106981
1,1,0.5,24,215331
1,1,0.5,25,100122
1,1,0.5,26,105925
1,1,0.5,27,111403
1,1,0.5,28,104876
1,1,0.5,29,104774
1,1,0.5,3,114998
1,1,0.5,30,105499
1,1,0.5,31,103854
1,1,0.5,32,105303
1,1,0.5,33,104598
1,1,0.5,34,108586
1,1,0.5,35,115200
1,1,0.5,36,111596
1,1,0.5,37,100543
1,1,0.5,38,100828
1,1,0.5,39,120120
1,1,0.5,4,93429
1,1,0.5,40,100770
1,1,0.5,41,106666
1,1,0.5,42,111880
1,1,0.5,43,99949
1,1,0.5,44,103116
1,1,0.5,45,109178
1,1,0.5,46,99288
1,1,0.5,47,109104
1,1,0.5,48,111196
1,1,0.5,49,109143
1,1,0.5,5,99433
1,1,0.5,50,113723
1,1,0.5,51,110412
1,1,0.5,52,117720
1,1,0.5,53,126053
1,1,0.5,54,113435
1,1,0.5,55,115721
1,1,0.5,56,106673
1,1,0.5,57,104552
1,1,0.5,58,124211
1,1,0.5,59,109002
1,1,0.5,6,99997
1,1,0.5,60,106019
1,1,0.5,61,124404
1,1,0.5,62,113754
1,1,0.5,63,114001
1,1,0.5,64,112130
1,1,0.5,65,108449
1,1,0.5,66,111637
1,1,0.5,67,108304
1,1,0.5,68,102978
1,1,0.5,69,109222
1,1,0.5,7,103741
1,1,0.5,70,104224
1,1,0.5,71,115056
1,1,0.5,72,109721
1,1,0.5,73,108737
1,1,0.5,74,114443
1,1,0.5,75,114345
1,1,0.5,76,106141
1,1,0.5,77,108387
1,1,0.5,78,125716
1,1,0.5,79,112103
1,1,0.5,8,107252
1,1,0.5,80,115481
1,1,0.5,81,105460
1,1,0.5,82,120361
1,1,0.5,83,130995
1,1,0.5,84,112265
1,1,0.5,85,114756
1,1,0.5,86,119976
1,1,0.5,87,116653
1,1,0.5,88,131472
1,1,0.5,89,128253
1,1,0.5,9,108291
1,1,0.5,90,99846
1,1,0.5,91,127686
1,1,0.5,92,126264
1,1,0.5,93,125920
1,1,0.5,94,123742
1,1,0.5,95,128331
1,1,0.5,96,124368
1,1,0.5,97,113360
1,1,0.5,98,118061
1,1,0.5,99,118192
1,1.5,-0.5,1,434665
1,1.5,-0.5,10,1616876
1,1.5,-0.5,11,846548
1,1.5,-0.5,12,306995
1,1.5,-0.5,2,513252
1,1.5,-0.5,3,355139
1,1.5,-0.5,4,395264
1,1.5,-0.5,5,396877
1,1.5,-0.5,6,141928
1,1.5,-0.5,7,361980
1,1.5,-0.5,8,352158
1,1.5,-0.5,9,366297
1,1.5,0,1,328106
1,1.5,0,10,744782
1,1.5,0,11,353479
1,1.5,0,12,375493
1,1.5,0,13,464333
1,1.5,0,14,330108
1,1.5,0,15,429287
1,1.5,0,16,387358
1,1.5,0,17,361825
1,1.5,0,18,452095
1,1.5,0,2,453702
1,1.5,0,3,335256
1,1.5,0,4,121975
1,1.5,0,5,475836
1,1.5,0,6,338022
1,1.5,0,7,326425
1,1.5,0,8,342038
1,1.5,0,9,438345
1,1.5,0.5,1,338049
1,1.5,0.5,10,437362
1,1.5,0.5,11,167238
1,1.5,0.5,12,362243
1,1.5,0.5,13,394227
1,1.5,0.5,14,897952
1,1.5,0.5,15,445383
1,1.5,0.5,16,346332
1,1.5,0.5,17,262905
1,1.5,0.5,2,392392
1,1.5,0.5,3,361971
1,1.5,0.5,4,310455
1,1.5,0.5,5,339135
1,1.5,0.5,6,405416
1,1.5,0.5,7,307871
1,1.5,0.5,8,120529
1,1.5,0.5,9,438370
1,2,-0.5,1,392902
1,2,-0.5,10,357309
1,2,-0.5,11,346245
1,2,-0.5,12,369138
1,2,-0.5,13,140312
1,2,-0.5,14,198899
1,2,-0.5,15,888881
1,2,-0.5,16,376406
1,2,-0.5,17,450771
1,2,-0.5,18,563538
1,2,-0.5,2,461968
1,2,-0.5,3,456679
1,2,-0.5,4,1762538
1,2,-0.5,5,423898
1,2,-0.5,6,341965
1,2,-0.5,7,482427
1,2,-0.5,8,1014765
1,2,-0.5,9,479435
1,2,0,1,284123
1,2,0,10,127259
1,2,0,11,304813
1,2,0,12,414632
1,2,0,13,379999
1,2,0,14,392753
1,2,0,15,324416
1,2,0,16,331211
1,2,0,17,386846
1,2,0,18,336451
1,2,0,19,395688
1,2,0,2,407687
1,2,0,20,961790
1,2,0,3,375538
1,2,0,4,305177
1,2,0,5,381530
1,2,0,6,432453
1,2,0,7,203514
1,2,0,8,377965
1,2,0,9,1638745
1.5,-0.5,-0.5,1,616080
1.5,-0.5,-0.5,10,338172
1.5,-0.5,-0.5,11,275981
1.5,-0.5,-0.5,12,125805
1.5,-0.5,-0.5,13,497510
1.5,-0.5,-0.5,2,415262
1.5,-0.5,-0.5,3,448326
1.5,-0.5,-0.5,4,487278
1.5,-0.5,-0.5,5,391273
1.5,-0.5,-0.5,6,391350
1.5,-0.5,-0.5,7,141072
1.5,-0.5,-0.5,8,532479
1.5,-0.5,-0.5,9,379289
1.5,-0.5,0,1,508894
1.5,-0.5,0,10,453820
1.5,-0.5,0,11,507320
1.5,-0.5,0,12,432939
1.5,-0.5,0,13,449556
1.5,-0.5,0,14,573221
1.5,-0.5,0,15,433096
1.5,-0.5,0,16,383802
1.5,-0.5,0,17,465465
1.5,-0.5,0,18,448797
1.5,-0.5,0,19,369514
1.5,-0.5,0,2,452104
1.5,-0.5,0,20,198009
1.5,-0.5,0,21,383258
1.5,-0.5,0,22,380005
1.5,-0.5,0,3,422328
1.5,-0.5,0,4,404653
1.5,-0.5,0,5,490525
1.5,-0.5,0,6,504786
1.5,-0.5,0,7,452397
1.5,-0.5,0,8,392732
1.5,-0.5,0,9,446129
1.5,-0.5,0.5,1,319654
1.5,-0.5,0.5,10,679121
1.5,-0.5,0.5,11,361326
1.5,-0.5,0.5,12,390964
1.5,-0.5,0.5,13,216840
1.5,-0.5,0.5,14,399510
1.5,-0.5,0.5,15,430636
1.5,-0.5,0.5,16,405991
1.5,-0.5,0.5,17,361642
1.5,-0.5,0.5,18,450540
1.5,-0.5,0.5,19,360358
1.5,-0.5,0.5,2,407276
1.5,-0.5,0.5,3,371354
1.5,-0.5,0.5,4,488136
1.5,-0.5,0.5,5,421991
1.5,-0.5,0.5,6,396123
1.5,-0.5,0.5,7,389602
1.5,-0.5,0.5,8,454667
1.5,-0.5,0.5,9,122396
1.5,-1,-0.5,1,438777
1.5,-1,-0.5,10,418538
1.5,-1,-0.5,11,401741
1.5,-1,-0.5,12,139640
1.5,-1,-0.5,13,448170
1.5,-1,-0.5,14,1040825
1.5,-1,-0.5,15,138689
1.5,-1,-0.5,16,395730
1.5,-1,-0.5,2,516328
1.5,-1,-0.5,3,475592
1.5,-1,-0.5,4,360874
1.5,-1,-0.5,5,465793
1.5,-1,-0.5,6,411274
1.5,-1,-0.5,7,355563
1.5,-1,-0.5,8,525385
1.5,-1,-0.5,9,397611
1.5,-1,0,1,446717
1.5,-1,0,10,366012
1.5,-1,0,11,499326
1.5,-1,0,12,416180
1.5,-1,0,13,124213
1.5,-1,0,14,363798
1.5,-1,0,15,484228
1.5,-1,0,16,407876
1.5,-1,0,17,346606
1.5,-1,0,18,401248
1.5,-1,0,19,164370
1.5,-1,0,2,477889
1.5,-1,0,20,375754
1.5,-1,0,21,349463
1.5,-1,0,22,402701
1.5,-1,0,23,368230
1.5,-1,0,24,483376
1.5,-1,0,3,345742
1.5,-1,0,4,471662
1.5,-1,0,5,727293
1.5,-1,0,6,403896
1.5,-1,0,7,417482
1.5,-1,0,8,482718
1.5,-1,0,9,485255
1.5,-1,0.5,1,606891
1.5,-1,0.5,10,330066
1.5,-1,0.5,11,409856
1.5,-1,0.5,12,364958
1.5,-1,0.5,13,336315
1.5,-1,0.5,14,462420
1.5,-1,0.5,15,157785
1.5,-1,0.5,16,324455
1.5,-1,0.5,17,370325
1.5,-1,0.5,18,339384
1.5,-1,0.5,19,461001
1.5,-1,0.5,2,417358
1.5,-1,0.5,3,390680
1.5,-1,0.5,4,450249
1.5,-1,0.5,5,363767
1.5,-1,0.5,6,344972
1.5,-1,0.5,7,128248
1.5,-1,0.5,8,460751
1.5,-1,0.5,9,385154
1.5,-1.5,-0.5,1,833410
1.5,-1.5,-0.5,10,508084
1.5,-1.5,-0.5,11,398756
1.5,-1.5,-0.5,12,359721
1.5,-1.5,-0.5,13,486563
1.5,-1.5,-0.5,14,467959
1.5,-1.5,-0.5,15,1007205
1.5,-1.5,-0.5,16,420787
1.5,-1.5,-0.5,17,419571
1.5,-1.5,-0.5,18,442676
1.5,-1.5,-0.5,2,480455
1.5,-1.5,-0.5,3,391223
1.5,-1.5,-0.5,4,510492
1.5,-1.5,-0.5,5,252477
1.5,-1.5,-0.5,6,471324
1.5,-1.5,-0.5,7,434114
1.5,-1.5,-0.5,8,403215
1.5,-1.5,-0.5,9,817022
1.5,-1.5,0,1,582066
1.5,-1.5,0,10,435536
1.5,-1.5,0,11,183342
1.5,-1.5,0,12,372670
1.5,-1.5,0,13,563571
1.5,-1.5,0,14,465033
1.5,-1.5,0,2,388238
1.5,-1.5,0,3,436951
1.5,-1.5,0,4,415175
1.5,-1.5,0,5,376148
1.5,-1.5,0,6,186286
1.5,-1.5,0,7,983680
1.5,-1.5,0,8,391381
1.5,-1.5,0,9,429420
1.5,-1.5,0.5,1,434246
1.5,-1.5,0.5,10,442447
1.5,-1.5,0.5,11,183215
1.5,-1.5,0.5,12,389135
1.5,-1.5,0.5,13,663084
1.5,-1.5,0.5,14,378328
1.5,-1.5,0.5,15,420396
1.5,-1.5,0.5,16,444694
1.5,-1.5,0.5,2,433618
1.5,-1.5,0.5,3,389627
1.5,-1.5,0.5,4,365241
1.5,-1.5,0.5,5,395338
1.5,-1.5,0.5,6,339624
1.5,-1.5,0.5,7,118875
1.5,-1.5,0.5,8,938239
1.5,-1.5,0.5,9,437195
1.5,-2,-0.5,1,469069
1.5,-2,-0.5,10,366214
1.5,-2,-0.5,11,354455
1.5,-2,-0.5,12,338789
1.5,-2,-0.5,13,185008
1.5,-2,-0.5,14,506543
1.5,-2,-0.5,15,440117
1.5,-2,-0.5,16,373147
1.5,-2,-0.5,17,385830
1.5,-2,-0.5,18,442644
1.5,-2,-0.5,19,401935
1.5,-2,-0.5,2,467147
1.5,-2,-0.5,20,415231
1.5,-2,-0.5,21,667626
1.5,-2,-0.5,3,431760
1.5,-2,-0.5,4,520007
1.5,-2,-0.5,5,218654
1.5,-2,-0.5,6,413439
1.5,-2,-0.5,7,456719
1.5,-2,-0.5,8,529242
1.5,-2,-0.5,9,203171
1.5,-2,0.5,1,366818
1.5,-2,0.5,10,323579
1.5,-2,0.5,11,384960
1.5,-2,0.5,12,217926
1.5,-2,0.5,13,130495
1.5,-2,0.5,14,376739
1.5,-2,0.5,15,460365
1.5,-2,0.5,16,386572
1.5,-2,0.5,17,2018134
1.5,-2,0.5,18,340788
1.5,-2,0.5,2,333979
1.5,-2,0.5,3,380188
1.5,-2,0.5,4,479536
1.5,-2,0.5,5,332836
1.5,-2,0.5,6,405539
1.5,-2,0.5,7,393435
1.5,-2,0.5,8,424233
1.5,-2,0.5,9,328956
1.5,0,-0.5,1,410961
1.5,0,-0.5,10,417224
1.5,0,-0.5,11,208350
1.5,0,-0.5,12,430581
1.5,0,-0.5,13,422289
1.5,0,-0.5,14,500387
1.5,0,-0.5,15,464946
1.5,0,-0.5,16,135798
1.5,0,-0.5,17,1100677
1.5,0,-0.5,2,418301
1.5,0,-0.5,3,470934
1.5,0,-0.5,4,412873
1.5,0,-0.5,5,423081
1.5,0,-0.5,6,482558
1.5,0,-0.5,7,424068
1.5,0,-0.5,8,408630
1.5,0,-0.5,9,445584
1.5,0,0,1,389701
1.5,0,0,10,468589
1.5,0,0,11,368533
1.5,0,0,12,122583
1.5,0,0,13,452529
1.5,0,0,14,175145
1.5,0,0,15,890177
1.5,0,0,16,437361
1.5,0,0,17,488645
1.5,0,0,2,466772
1.5,0,0,3,490602
1.5,0,0,4,514752
1.5,0,0,5,475983
1.5,0,0,6,178570
1.5,0,0,7,365132
1.5,0,0,8,490059
1.5,0,0,9,486856
1.5,0,0.5,1,967776
1.5,0,0.5,10,1740826
1.5,0,0.5,11,290718
1.5,0,0.5,12,450209
1.5,0,0.5,13,334235
1.5,0,0.5,14,179637
1.5,0,0.5,15,363237
1.5,0,0.5,16,317059
1.5,0,0.5,17,330367
1.5,0,0.5,2,284825
1.5,0,0.5,3,421350
1.5,0,0.5,4,341072
1.5,0,0.5,5,420012
1.5,0,0.5,6,433492
1.5,0,0.5,7,364974
1.5,0,0.5,8,122121
1.5,0,0.5,9,472093
1.5,0.5,-0.5,1,552582
1.5,0.5,-0.5,10,434641
1.5,0.5,-0.5,11,175973
1.5,0.5,-0.5,12,963125
1.5,0.5,-0.5,13,333397
1.5,0.5,-0.5,2,987708
1.5,0.5,-0.5,3,461337
1.5,0.5,-0.5,4,466596
1.5,0.5,-0.5,5,183221
1.5,0.5,-0.5,6,467006
1.5,0.5,-0.5,7,458487
1.5,0.5,-0.5,8,341111
1.5,0.5,-0.5,9,131963
1.5,0.5,0,1,386090
1.5,0.5,0,10,480229
1.5,0.5,0,11,387308
1.5,0.5,0,12,207728
1.5,0.5,0,13,743788
1.5,0.5,0,14,360152
1.5,0.5,0,15,481284
1.5,0.5,0,16,329825
1.5,0.5,0,17,498192
1.5,0.5,0,18,407708
1.5,0.5,0,19,509358
1.5,0.5,0,2,1048738
1.5,0.5,0,20,490300
1.5,0.5,0,3,378557
1.5,0.5,0,4,439753
1.5,0.5,0,5,357333
1.5,0.5,0,6,123269
1.5,0.5,0,7,491999
1.5,0.5,0,8,479229
1.5,0.5,0,9,484964
1.5,0.5,0.5,1,310425
1.5,0.5,0.5,10,430053
1.5,0.5,0.5,11,338701
1.5,0.5,0.5,12,375631
1.5,0.5,0.5,13,158681
1.5,0.5,0.5,14,212812
1.5,0.5,0.5,2,472538
1.5,0.5,0.5,3,184450
1.5,0.5,0.5,4,453733
1.5,0.5,0.5,5,726469
1.5,0.5,0.5,6,453196
1.5,0.5,0.5,7,128962
1.5,0.5,0.5,8,378007
1.5,0.5,0.5,9,412227
1.5,1,-0.5,1,1087960
1.5,1,-0.5,10,488835
1.5,1,-0.5,11,138169
1.5,1,-0.5,12,178523
1.5,1,-0.5,13,478269
1.5,1,-0.5,14,450703
1.5,1,-0.5,15,374242
1.5,1,-0.5,16,416892
1.5,1,-0.5,17,522881
1.5,1,-0.5,18,1746373
1.5,1,-0.5,19,403569
1.5,1,-0.5,2,469230
1.5,1,-0.5,3,486008
1.5,1,-0.5,4,377019
1.5,1,-0.5,5,456532
1.5,1,-0.5,6,503722
1.5,1,-0.5,7,177414
1.5,1,-0.5,8,410226
1.5,1,-0.5,9,1051771
1.5,1,0,1,434014
1.5,1,0,10,237008
1.5,1,0,11,132366
1.5,1,0,12,768290
1.5,1,0,13,427014
1.5,1,0,14,503711
1.5,1,0,15,406699
1.5,1,0,2,490755
1.5,1,0,3,485492
1.5,1,0,4,426347
1.5,1,0,5,483630
1.5,1,0,6,385070
1.5,1,0,7,407259
1.5,1,0,8,438143
1.5,1,0,9,511842
1.5,1,0.5,1,1558537
1.5,1,0.5,10,448183
1.5,1,0.5,11,457312
1.5,1,0.5,12,399459
1.5,1,0.5,13,493818
1.5,1,0.5,14,499702
1.5,1,0.5,15,441142
1.5,1,0.5,16,2091736
1.5,1,0.5,17,305388
1.5,1,0.5,2,450462
1.5,1,0.5,3,464495
1.5,1,0.5,4,426574
1.5,1,0.5,5,463677
1.5,1,0.5,6,1774290
1.5,1,0.5,7,485912
1.5,1,0.5,8,322932
1.5,1,0.5,9,492272
1.5,1.5,-0.5,1,509645
1.5,1.5,0,1,446094
1.5,1.5,0,10,222823
1.5,1.5,0,11,443991
1.5,1.5,0,12,402582
1.5,1.5,0,2,480000
1.5,1.5,0,3,393618
1.5,1.5,0,4,518010
1.5,1.5,0,5,352059
1.5,1.5,0,6,393602
1.5,1.5,0,7,128314
1.5,1.5,0,8,301606
1.5,1.5,0,9,714102
1.5,1.5,0.5,1,357729
1.5,1.5,0.5,10,492979
1.5,1.5,0.5,11,359401
1.5,1.5,0.5,12,496836
1.5,1.5,0.5,13,378455
1.5,1.5,0.5,14,440521
1.5,1.5,0.5,2,187191
1.5,1.5,0.5,3,498471
1.5,1.5,0.5,4,2141085
1.5,1.5,0.5,5,540212
1.5,1.5,0.5,6,396318
1.5,1.5,0.5,7,436069
1.5,1.5,0.5,8,538676
1.5,1.5,0.5,9,186138
1.5,2,-0.5,1,468245
1.5,2,-0.5,10,504372
1.5,2,-0.5,11,482883
1.5,2,-0.5,12,378638
1.5,2,-0.5,13,492621
1.5,2,-0.5,14,408533
1.5,2,-0.5,15,349320
1.5,2,-0.5,16,382751
1.5,2,-0.5,17,128503
1.5,2,-0.5,18,1308078
1.5,2,-0.5,19,379502
1.5,2,-0.5,2,410016
1.5,2,-0.5,20,429074
1.5,2,-0.5,21,398126
1.5,2,-0.5,22,1031068
1.5,2,-0.5,23,491792
1.5,2,-0.5,24,361270
1.5,2,-0.5,3,360622
1.5,2,-0.5,4,439898
1.5,2,-0.5,5,362273
1.5,2,-0.5,6,469015
1.5,2,-0.5,7,499069
1.5,2,-0.5,8,401300
1.5,2,-0.5,9,490918
1.5,2,0,1,364431
1.5,2,0,10,536132
1.5,2,0,11,414579
1.5,2,0,12,1309166
1.5,2,0,13,493907
1.5,2,0,14,486805
1.5,2,0,15,411496
1.5,2,0,16,483290
1.5,2,0,17,550910
1.5,2,0,18,490366
1.5,2,0,2,434821
1.5,2,0,3,556037
1.5,2,0,4,508719
1.5,2,0,5,555936
1.5,2,0,6,635738
1.5,2,0,7,1938458
1.5,2,0,8,211261
1.5,2,0,9,536122
1.5,2,0.5,1,430750
1.5,2,0.5,10,557319
1.5,2,0.5,11,225703
1.5,2,0.5,12,491539
1.5,2,0.5,13,429125
1.5,2,0.5,14,408515
1.5,2,0.5,15,419434
1.5,2,0.5,16,526426
1.5,2,0.5,17,520164
1.5,2,0.5,18,540026
1.5,2,0.5,19,455289
1.5,2,0.5,2,409040
1.5,2,0.5,3,524922
1.5,2,0.5,4,1687318
1.5,2,0.5,5,455980
1.5,2,0.5,6,210052
1.5,2,0.5,7,470415
1.5,2,0.5,8,511770
1.5,2,0.5,9,429952
2,-0.5,-0.5,1,428736
2,-0.5,0.5,1,391646
2,-0.5,0.5,10,128839
2,-0.5,0.5,11,127399
2,-0.5,0.5,12,358797
2,-0.5,0.5,13,167605
2,-0.5,0.5,14,410003
2,-0.5,0.5,15,405184
2,-0.5,0.5,16,476022
2,-0.5,0.5,17,350693
2,-0.5,0.5,18,412880
2,-0.5,0.5,19,475588
2,-0.5,0.5,2,425582
2,-0.5,0.5,3,213891
2,-0.5,0.5,4,399384
2,-0.5,0.5,5,417141
2,-0.5,0.5,6,352924
2,-0.5,0.5,7,476630
2,-0.5,0.5,8,463107
2,-0.5,0.5,9,474532
2,-1,-0.5,1,486226
2,-1,-0.5,10,446739
2,-1,-0.5,11,421903
2,-1,-0.5,12,187588
2,-1,-0.5,13,377568
2,-1,-0.5,14,484428
2,-1,-0.5,15,442948
2,-1,-0.5,16,411138
2,-1,-0.5,17,505532
2,-1,-0.5,18,459899
2,-1,-0.5,19,367021
2,-1,-0.5,2,518088
2,-1,-0.5,20,506097
2,-1,-0.5,3,516195
2,-1,-0.5,4,504835
2,-1,-0.5,5,181212
2,-1,-0.5,6,531518
2,-1,-0.5,7,491011
2,-1,-0.5,8,463926
2,-1,-0.5,9,436268
2,-1,0,1,448583
2,-1,0,10,221758
2,-1,0,11,437724
2,-1,0,12,399541
2,-1,0,13,368270
2,-1,0,14,444622
2,-1,0,15,244922
2,-1,0,16,358695
2,-1,0,17,400955
2,-1,0,18,461283
2,-1,0,19,491511
2,-1,0,2,445935
2,-1,0,20,469121
2,-1,0,21,464678
2,-1,0,22,509287
2,-1,0,23,670159
2,-1,0,3,383579
2,-1,0,4,435680
2,-1,0,5,2003099
2,-1,0,6,350294
2,-1,0,7,473522
2,-1,0,8,435912
2,-1,0,9,408578
2,-1,0.5,1,434253
2,-1,0.5,10,422165
2,-1,0.5,11,415865
2,-1,0.5,12,192613
2,-1,0.5,13,446292
2,-1,0.5,14,477259
2,-1,0.5,15,456119
2,-1,0.5,16,519193
2,-1,0.5,2,508079
2,-1,0.5,3,1015950
2,-1,0.5,4,477121
2,-1,0.5,5,429243
2,-1,0.5,6,492947
2,-1,0.5,7,464120
2,-1,0.5,8,416918
2,-1,0.5,9,151901
2,-1.5,-0.5,1,792149
2,-1.5,-0.5,10,138249
2,-1.5,-0.5,11,405382
2,-1.5,-0.5,12,198958
2,-1.5,-0.5,13,369990
2,-1.5,-0.5,14,465858
2,-1.5,-0.5,15,452670
2,-1.5,-0.5,16,429543
2,-1.5,-0.5,17,398350
2,-1.5,-0.5,18,839222
2,-1.5,-0.5,2,440349
2,-1.5,-0.5,3,404893
2,-1.5,-0.5,4,395705
2,-1.5,-0.5,5,462073
2,-1.5,-0.5,6,407729
2,-1.5,-0.5,7,719605
2,-1.5,-0.5,8,506146
2,-1.5,-0.5,9,442052
2,-1.5,0.5,1,534410
2,-1.5,0.5,10,486052
2,-1.5,0.5,11,435699
2,-1.5,0.5,12,210019
2,-1.5,0.5,13,443451
2,-1.5,0.5,14,437838
2,-1.5,0.5,15,383612
2,-1.5,0.5,2,425308
2,-1.5,0.5,3,509880
2,-1.5,0.5,4,457654
2,-1.5,0.5,5,353565
2,-1.5,0.5,6,204176
2,-1.5,0.5,7,331803
2,-1.5,0.5,8,412529
2,-1.5,0.5,9,343743
2,-2,-0.5,1,769075
2,-2,0,1,475744
2,-2,0,10,368895
2,-2,0,11,463216
2,-2,0,12,133730
2,-2,0,13,453423
2,-2,0,14,365976
2,-2,0,15,129157
2,-2,0,16,204691
2,-2,0,17,422163
2,-2,0,18,1024543
2,-2,0,2,386728
2,-2,0,3,750315
2,-2,0,4,488030
2,-2,0,5,469721
2,-2,0,6,454282
2,-2,0,7,376421
2,-2,0,8,396490
2,-2,0,9,407428
2,-2,0.5,1,419832
2,-2,0.5,10,380866
2,-2,0.5,11,470730
2,-2,0.5,12,375182
2,-2,0.5,13,342130
2,-2,0.5,14,334974
2,-2,0.5,2,463257
2,-2,0.5,3,486058
2,-2,0.5,4,2032692
2,-2,0.5,5,417523
2,-2,0.5,6,125368
2,-2,0.5,7,448911
2,-2,0.5,8,470437
2,-2,0.5,9,123949
2,0,-0.5,1,390341
2,0,-0.5,10,258553
2,0,-0.5,11,469900
2,0,-0.5,12,1384111
2,0,-0.5,13,209427
2,0,-0.5,14,432462
2,0,-0.5,15,401864
2,0,-0.5,16,1194415
2,0,-0.5,2,514751
2,0,-0.5,3,393384
2,0,-0.5,4,404607
2,0,-0.5,5,500333
2,0,-0.5,6,428824
2,0,-0.5,7,438143
2,0,-0.5,8,447158
2,0,-0.5,9,476003
2,0,0,1,396444
2,0,0,10,525002
2,0,0,11,129226
2,0,0,12,643518
2,0,0,2,1917476
2,0,0,3,425076
2,0,0,4,484991
2,0,0,5,397046
2,0,0,6,413071
2,0,0,7,443862
2,0,0,8,132822
2,0,0,9,426323
2,0.5,-0.5,1,413890
2,0.5,-0.5,10,426665
2,0.5,-0.5,11,180239
2,0.5,-0.5,12,132561
2,0.5,-0.5,13,689850
2,0.5,-0.5,14,374169
2,0.5,-0.5,2,407661
2,0.5,-0.5,3,460141
2,0.5,-0.5,4,392904
2,0.5,-0.5,5,375904
2,0.5,-0.5,6,528885
2,0.5,-0.5,7,492696
2,0.5,-0.5,8,456777
2,0.5,-0.5,9,400901
2,0.5,0,1,1144704
2,0.5,0,10,509259
2,0.5,0,11,408117
2,0.5,0,12,453263
2,0.5,0,13,407066
2,0.5,0,14,349101
2,0.5,0,15,439594
2,0.5,0,2,383608
2,0.5,0,3,415294
2,0.5,0,4,505923
2,0.5,0,5,483099
2,0.5,0,6,1006344
2,0.5,0,7,185112
2,0.5,0,8,433386
2,0.5,0,9,554996
2,0.5,0.5,1,669427
2,0.5,0.5,10,490115
2,0.5,0.5,11,481852
2,0.5,0.5,12,492198
2,0.5,0.5,13,343791
2,0.5,0.5,14,281200
2,0.5,0.5,15,503383
2,0.5,0.5,16,386453
2,0.5,0.5,17,524791
2,0.5,0.5,18,277287
2,0.5,0.5,2,882553
2,0.5,0.5,3,212270
2,0.5,0.5,4,396897
2,0.5,0.5,5,500482
2,0.5,0.5,6,496151
2,0.5,0.5,7,2013363
2,0.5,0.5,8,494227
2,0.5,0.5,9,228851
2,1,-0.5,1,435435
2,1,-0.5,10,308179
2,1,-0.5,11,398205
2,1,-0.5,12,424624
2,1,-0.5,13,548682
2,1,-0.5,14,354057
2,1,-0.5,2,356597
2,1,-0.5,3,517179
2,1,-0.5,4,504965
2,1,-0.5,5,538397
2,1,-0.5,6,530353
2,1,-0.5,7,142018
2,1,-0.5,8,671460
2,1,-0.5,9,517874
2,1,0,1,521898
2,1,0,10,499840
2,1,0,11,403381
2,1,0,12,449534
2,1,0,13,139672
2,1,0,14,415123
2,1,0,15,465157
2,1,0,16,431818
2,1,0,17,403367
2,1,0,18,1076465
2,1,0,19,425227
2,1,0,2,379838
2,1,0,20,372986
2,1,0,21,341413
2,1,0,3,476619
2,1,0,4,387323
2,1,0,5,455940
2,1,0,6,375124
2,1,0,7,410816
2,1,0,8,425115
2,1,0,9,386755
2,1,0.5,1,600325
2,1,0.5,10,415464
2,1,0.5,11,445379
2,1,0.5,12,153972
2,1,0.5,13,496870
2,1,0.5,14,759380
2,1,0.5,15,577155
2,1,0.5,16,489391
2,1,0.5,17,554716
2,1,0.5,18,530045
2,1,0.5,19,502112
2,1,0.5,2,568721
2,1,0.5,20,486227
2,1,0.5,21,424982
2,1,0.5,22,656770
2,1,0.5,3,547777
2,1,0.5,4,1142047
2,1,0.5,5,406628
2,1,0.5,6,486438
2,1,0.5,7,413857
2,1,0.5,8,461605
2,1,0.5,9,571684
2,1.5,-0.5,1,1127276
2,1.5,-0.5,10,438787
2,1.5,-0.5,11,434959
2,1.5,-0.5,12,278098
2,1.5,-0.5,13,212828
2,1.5,-0.5,14,204270
2,1.5,-0.5,15,511960
2,1.5,-0.5,16,484782
2,1.5,-0.5,17,1800889
2,1.5,-0.5,18,508197
2,1.5,-0.5,2,426620
2,1.5,-0.5,3,505320
2,1.5,-0.5,4,504896
2,1.5,-0.5,5,466479
2,1.5,-0.5,6,439056
2,1.5,-0.5,7,510615
2,1.5,-0.5,8,524072
2,1.5,-0.5,9,137836
2,1.5,0,1,1058448
2,1.5,0,10,369028
2,1.5,0,11,147906
2,1.5,0,12,519762
2,1.5,0,13,425516
2,1.5,0,14,385838
2,1.5,0,15,394606
2,1.5,0,16,456497
2,1.5,0,17,371113
2,1.5,0,18,519970
2,1.5,0,19,389669
2,1.5,0,2,397568
2,1.5,0,20,481829
2,1.5,0,3,521773
2,1.5,0,4,461140
2,1.5,0,5,1827358
2,1.5,0,6,394387
2,1.5,0,7,225755
2,1.5,0,8,481580
2,1.5,0,9,381110
2,1.5,0.5,1,837524
2,1.5,0.5,10,414462
2,1.5,0.5,11,224766
2,1.5,0.5,12,385284
2,1.5,0.5,13,661671
2,1.5,0.5,14,383107
2,1.5,0.5,15,487283
2,1.5,0.5,16,972881
2,1.5,0.5,17,405751
2,1.5,0.5,18,477551
2,1.5,0.5,19,541144
2,1.5,0.5,2,519963
2,1.5,0.5,3,447276
2,1.5,0.5,4,526269
2,1.5,0.5,5,625841
2,1.5,0.5,6,426726
2,1.5,0.5,7,143005
2,1.5,0.5,8,491032
2,1.5,0.5,9,520082
2,2,-0.5,1,470416
2,2,-0.5,10,505639
2,2,-0.5,11,716249
2,2,-0.5,12,194625
2,2,-0.5,13,507683
2,2,-0.5,14,744444
2,2,-0.5,15,448001
2,2,-0.5,16,509724
2,2,-0.5,2,496665
2,2,-0.5,3,443319
2,2,-0.5,4,480522
2,2,-0.5,5,676340
2,2,-0.5,6,516616
2,2,-0.5,7,141024
2,2,-0.5,8,552974
2,2,-0.5,9,487786
2,2,0,1,1085704
2,2,0,10,601017
2,2,0,11,457381
2,2,0,12,1838570
2,2,0,13,503408
2,2,0,14,580075
2,2,0,15,499621
2,2,0,2,617628
2,2,0,3,512241
2,2,0,4,522735
2,2,0,5,252636
2,2,0,6,1059091
2,2,0,7,627729
2,2,0,8,483012
2,2,0,9,468766
2,2,0.5,1,369742
2,2,0.5,10,131558
2,2,0.5,11,414552
2,2,0.5,12,179480
2,2,0.5,13,389576
2,2,0.5,14,328849
2,2,0.5,15,1247360
2,2,0.5,16,935953
2,2,0.5,17,440035
2,2,0.5,18,342149
2,2,0.5,19,445367
2,2,0.5,2,693721
2,2,0.5,20,594798
2,2,0.5,3,413279
2,2,0.5,4,412481
2,2,0.5,5,387682
2,2,0.5,6,457744
2,2,0.5,7,444759
2,2,0.5,8,966981
2,2,0.5,9,463527
